,0
0,N455MB
132,GLF4
139,B-222J
140,B-2077
141,B-223A
144,B-222N
149,B-221S
150,B-2076
156,B-222V
157,B-220E
160,B-2082
161,B-2083
178,B-220F
180,B-222K
188,B-222H
211,B-221W
298,N251SY
299,N261SY
300,N246SY
301,N241SY
302,N247SY
303,N307SY
304,N614CZ
306,N313SY
308,N310SY
309,N607CZ
310,N297SY
311,N259SY
312,N603CZ
313,N311SY
314,N250SY
316,N604CZ
318,N613CZ
319,N323SY
320,N312SY
321,N306SY
322,N280SY
324,N625CA
326,N641CA
328,N162PQ
330,N712EV
332,N607SK
344,N609SK
348,N608SK
360,N804SK
378,N692CA
379,N554CA
380,N806SK
381,N836SK
382,N822SK
384,N549CA
385,N803SK
386,N840SK
387,N838SK
389,N689CA
391,N809SK
392,N170PQ
393,N805SK
397,N816SK
398,N802SK
399,N679CA
403,N832SK
404,N161PQ
406,N187PQ
409,N800SK
411,N897SK
420,N839SK
423,N824SK
430,N817SK
432,N693CA
443,N827SK
448,N831SK
449,N304SY
450,N830SK
460,N829SK
472,N834SK
473,N442SW
474,N873AS
475,N702BR
476,N506CA
477,N922EV
479,N498CA
481,N936EV
483,N477CA
484,N926EV
487,N459SW
488,N921EV
490,N449SW
500,N461SW
510,N460SW
524,N878AS
536,N446SW
540,N874AS
542,N445SW
551,N439SW
556,N293SY
559,N258SY
560,N295SY
561,N243SY
564,N254SY
565,N242SY
566,N256SY
567,N308SY
568,N305SY
570,N294SY
576,N253SY
577,N303SY
580,N252SY
587,N276SY
589,N260SY
592,N813SK
594,N548CA
596,N898SK
607,N823SK
619,N899SK
622,N827NW
623,N823NW
624,N831NW
625,N826NW
626,N824NW
627,N830NW
629,N416DX
632,N828NW
635,N822NW
636,N825NW
640,N812NW
641,N820NW
643,N415DX
644,N817NW
646,N408DX
649,N813NW
650,N804NW
651,N803NW
658,N808NW
662,N821NW
663,N407DX
664,N810NW
665,N409DX
666,N420DX
668,N806NW
671,N818NW
672,N815NW
673,N816NW
675,N802NW
688,N807NW
690,N811NW
696,N801NW
700,N809NW
704,N805NW
709,N859NW
711,N414DZ
736,N829NW
752,N814NW
775,N819NW
776,N419DX
780,N411DX
781,N404DX
782,N417DX
783,N418DX
806,N853NW
858,N412DX
863,N403DX
897,N860NW
898,N861NW
901,N854NW
907,N857NW
908,N855NW
910,N852NW
913,N858NW
918,N405DX
921,N410DZ
925,N402DX
926,N406DX
932,N401DZ
953,N828MH
954,N827MH
955,N838MH
956,N843MH
957,N844MH
961,N835MH
963,N837MH
964,N833MH
984,N907XJ
986,N186PQ
988,N605LR
990,N313PQ
992,N924XJ
994,N349PQ
996,N303PQ
998,N181PQ
1000,N913XJ
1002,N695CA
1004,N316PQ
1006,N293PQ
1008,N153PQ
1010,N903XJ
1012,N200PQ
1016,N936XJ
1018,N604LR
1022,N308PQ
1024,N330PQ
1026,N325PQ
1028,N298PQ
1030,N307PQ
1033,N296PQ
1035,N319PQ
1037,N184GJ
1039,N691CA
1041,N135EV
1043,N929XJ
1045,N329PQ
1048,N147PQ
1054,N292PQ
1056,N228PQ
1058,N606LR
1059,N901XJ
1061,N928XJ
1063,N909XJ
1065,N932XJ
1069,N309PQ
1071,N302PQ
1074,N294PQ
1078,N320PQ
1083,N195PQ
1088,N485PX
1089,N131EV
1092,N336PQ
1093,N908XJ
1096,N935XJ
1097,N600LR
1099,N923XJ
1101,N279PQ
1102,N582CA
1105,N676CA
1106,N905XJ
1107,N921XJ
1110,N187GJ
1112,N232PQ
1117,N181GJ
1118,N478PX
1120,N197PQ
1123,N926XJ
1126,N314PQ
1127,N176PQ
1129,N491PX
1133,N337PQ
1134,N304PQ
1136,N930XJ
1142,N183GJ
1143,N306PQ
1145,N371CA
1148,N335PQ
1151,N937XJ
1153,N326PQ
1155,N133EV
1159,N295PQ
1161,N311PQ
1163,N305PQ
1170,N166PQ
1172,N601LR
1177,N8903A
1179,N601XJ
1180,N834AY
1181,N8908D
1182,N8970D
1183,N931XJ
1186,N910XJ
1193,N300PQ
1198,N678CA
1200,N136EV
1201,N607LR
1203,N927XJ
1207,N297PQ
1209,N324PQ
1212,N301PQ
1216,N272PQ
1226,N906XJ
1229,N915XJ
1236,N348PQ
1239,N925XJ
1242,N341PQ
1246,N146PQ
1255,N315PQ
1269,N482PX
1271,N919XJ
1273,N479PX
1288,N538CA
1296,N134EV
1302,N310PQ
1311,N137EV
1315,N331PQ
1325,N299PQ
1337,N602LR
1344,N132EV
1354,N182GJ
1505,EI-FNH
1506,EI-DUZ
1508,EI-EAV
1514,EI-FNG
1517,EI-EIL
1525,EI-EIM
1528,EC-MAJ
1532,EI-GAJ
1568,EI-EDY
1753,EI-EIN
1759,EI-EIK
1868,N334SM
1870,N303RG
1872,N326SJ
1874,N328RR
1876,N316SE
1880,N321RL
1882,N302SA
1884,N341RW
1886,N306RC
1888,N327SK
1893,N308RD
1895,N302SS
1897,N329SL
1899,N324RA
1901,N338ST
1903,N304RB
1919,N310RF
1923,N323SG
1925,N336SR
1929,N306SP
1935,N338RS
1947,N339SU
1967,N343RY
1969,N335RT
1973,N318SF
1987,N801NN
1999,N937NN
2001,N324SH
2005,N315SD
2013,N314RH
2019,N324RN
2021,N335SN
2023,N342RX
2033,N313SB
2037,N955NN
2047,N303RE
2063,N326RP
2077,N378SC
2089,N323RM
2092,N336RU
2096,N315RJ
2102,N350RV
2108,N316RK
2110,N306SW
2128,N341SV
2234,N765US
2236,N803AW
2238,N813AW
2240,N778XF
2242,N752US
2244,N748UW
2246,N812AW
2248,N775XF
2250,N754UW
2252,N702UW
2254,N757UW
2258,N745VJ
2260,N836AW
2262,N733UW
2264,N753US
2268,N762US
2270,N835AW
2272,N744P
2274,N807AW
2282,N837AW
2284,N768US
2286,N750UW
2288,N827AW
2290,N108UW
2292,N105UW
2294,N649AW
2296,N110UW
2298,N679AW
2300,N838AW
2302,N755US
2307,N119US
2309,N111US
2310,N114UW
2313,N128UW
2315,N732US
2317,N814AW
2319,N126UW
2323,N127UW
2326,N673AW
2329,N117UW
2331,N831AW
2335,N118US
2339,N121UW
2342,N180US
2343,N554UW
2344,N184US
2345,N521UW
2347,N546UW
2351,N918US
2353,N152UW
2355,N567UW
2357,N161UW
2359,N169UW
2361,N914UY
2362,N542UW
2363,N917UY
2364,N579UW
2366,N181UW
2367,N197UW
2369,N155UW
2371,N925UY
2373,N581UW
2375,N188US
2376,N563UW
2377,N179UW
2379,N537UW
2380,N926UW
2383,N573UW
2384,N156UW
2385,N572UW
2386,N519UW
2387,N157UW
2388,N977UY
2389,N508AY
2390,N535UW
2391,N923US
2394,N585UW
2395,N583UW
2397,N921US
2399,N536UW
2401,N973UY
2402,N982VJ
2404,N189UW
2405,N556UW
2406,N553UW
2408,N167US
2409,N971UY
2410,N192UW
2411,N976UY
2413,N507AY
2415,N970UY
2419,N912UY
2421,N981UY
2425,N927UW
2427,N437AN
2433,N915US
2434,N153UW
2436,N972UY
2437,N580UW
2439,N191UW
2442,N171US
2443,N919US
2444,N163US
2449,N545UW
2451,N562UW
2453,N578UW
2456,N194UW
2460,N183UW
2465,N559UW
2468,N980UY
2474,N975UY
2476,N195UW
2478,N196UW
2479,N165US
2480,N162UW
2483,N538UW
2485,N509AY
2488,N978UY
2492,N523UW
2495,N174US
2498,N551UW
2501,N173US
2503,N182UW
2508,N402YX
2509,N419YX
2510,N442YX
2511,N132HQ
2512,N109HQ
2514,N114HQ
2515,N436YX
2516,N416YX
2517,N129HQ
2518,N102HQ
2519,N420YX
2520,N440YX
2521,N406YX
2522,N403YX
2523,N421YX
2525,N431YX
2526,N447YX
2527,N432YX
2528,N410YX
2529,N123HQ
2531,N106HQ
2532,N409YX
2533,N429YX
2535,N443YX
2536,N108HQ
2538,N427YX
2539,N401YX
2540,N446YX
2541,N414YX
2542,N417YX
2543,N413YX
2547,N444YX
2548,N103HQ
2549,N124HQ
2550,N445YX
2554,N439YX
2556,N135HQ
2557,N405YX
2559,N441YX
2560,N107HQ
2562,N412YX
2566,N128HQ
2570,N451YX
2572,N119HQ
2573,N136HQ
2576,N104HQ
2578,N424YX
2579,N411YX
2582,N434YX
2583,N116HQ
2586,N453YX
2587,N418YX
2590,N126HQ
2591,N138HQ
2595,N407YX
2598,N448YX
2605,N117HQ
2606,N118HQ
2611,N112HQ
2613,N101HQ
2615,N426YX
2633,N105HQ
2641,N430YX
2655,N450YX
2664,N134HQ
2666,N422YX
2682,N428YX
2698,N131HQ
2702,N115HQ
2714,N121HQ
2722,N137HQ
2723,N120HQ
2726,N449YX
2730,N438YX
2732,N133HQ
2739,N423YX
2777,N856NW
2787,N851NW
2806,N841MH
2812,N826MH
2813,N842MH
2822,N840MH
2823,N829MH
2824,N834MH
2827,N839MH
2915,N175DZ
2921,N180DN
2951,N182DN
2955,N1201P
3097,N927NN
3098,N824NN
3100,N959AN
3101,N918AN
3102,N771AN
3103,N929NN
3104,N832NN
3105,N993NN
3106,N854NN
3107,N965NN
3108,N913NN
3109,N821NN
3110,N842NN
3112,N844NN
3113,N955AN
3115,N995NN
3116,N959NN
3117,N941AN
3118,N868NN
3119,N812NN
3120,N342PM
3122,N827NN
3123,N968AN
3124,N964AN
3125,N952NN
3126,N941NN
3127,N996NN
3128,N859NN
3129,N942AN
3130,N990AN
3132,N914NN
3133,N877NN
3134,N864NN
3137,N884NN
3138,N998NN
3139,N957NN
3140,N883NN
3141,N846NN
3142,N805NN
3144,N925AN
3145,N991NN
3146,N879NN
3148,N874NN
3153,N881NN
3155,N954AN
3159,N816NN
3162,N839NN
3164,N860NN
3165,N893NN
3166,N904NN
3167,N885NN
3168,N818NN
3169,N822NN
3170,N923NN
3172,N916NN
3173,N934NN
3175,N872NN
3176,N946AN
3178,N851NN
3179,N814NN
3180,N992NN
3181,N980NN
3182,N939NN
3183,N975AN
3185,N887NN
3186,N871NN
3187,N933NN
3188,N898NN
3189,N932NN
3190,N950NN
3191,N938AN
3192,N826NN
3193,N988AL
3194,N837NN
3196,N811NN
3198,N905NN
3199,N825NN
3201,N977NN
3203,N920NN
3205,N949AN
3206,N845NN
3207,N828AW
3208,N855NN
3211,N976NN
3216,N809NN
3217,N983AN
3218,N800NN
3220,N956AN
3221,N357PV
3222,N870NN
3226,N301NW
3227,N964NN
3229,N915NN
3230,N960NN
3231,N981AN
3232,N948AN
3233,N934AN
3234,N917AN
3238,N850NN
3240,N894NN
3241,N929AN
3242,N843NN
3246,N926NN
3249,N962AN
3250,N972AN
3251,N972NN
3252,N938NN
3254,N946NN
3260,N963NN
3261,N836NN
3262,N971NN
3263,N314PD
3264,N804NN
3267,N852NN
3269,N986NN
3272,N958NN
3273,N997NN
3274,N939AN
3275,N355PU
3278,N853NN
3280,N967NN
3281,N991AN
3284,N830NN
3286,N833NN
3287,N803NN
3288,N831NN
3292,N847NN
3295,N931AN
3296,N974AN
3298,N880NN
3300,N970NN
3301,N917NN
3302,N947NN
3303,N802NN
3306,N834NN
3308,N889NN
3311,N849NN
3313,N815NN
3317,N806NN
3321,N952AA
3322,N915AN
3323,N734AR
3324,N856NN
3325,N973AN
3326,N989AN
3327,N337PJ
3329,N936AN
3331,N987NN
3333,N344PP
3334,N987AN
3335,N967AN
3336,N857NN
3339,N922NN
3340,N945NN
3341,N813NN
3342,N309PC
3346,N980AN
3348,N907NN
3349,N960AN
3350,N942NN
3353,N984NN
3354,N876NN
3355,N820NN
3357,N989NN
3359,N965AN
3360,N358PW
3361,N976AN
3363,N988NN
3364,N346PR
3365,N896NN
3366,N756AM
3367,N352PS
3372,N317PG
3374,N950AN
3378,N947AN
3385,N890NN
3387,N971AN
3394,N969NN
3397,N848NN
3402,N891NN
3405,N305NX
3407,N930AN
3410,N940NN
3415,N936NN
3416,N990NN
3417,N924AN
3424,N969AN
3426,N935NN
3430,N808NN
3433,N951NN
3434,N823NN
3437,N906NN
3439,N968NN
3440,N343PN
3442,N886NN
3443,N901NN
3448,N961NN
3449,N2047J
3450,N2060J
3451,N625JB
3452,N559JB
3453,N597JB
3454,N2027J
3455,N2043J
3456,N2059J
3458,N2002J
3459,N2102J
3460,N2044J
3466,N652JB
3472,N973JT
3473,N907JB
3475,N2029J
3476,N2016J
3477,N2017J
3487,N2084J
3491,N2048J
3515,N2086J
3522,N957JB
3535,N657JB
3536,N2039J
3548,N589JB
3567,N905JB
3579,N649JB
3581,N659JB
3582,N634JB
3584,N615JB
3585,N766JB
3586,N571JB
3588,N562JB
3589,N705JB
3590,N651JB
3591,N534JB
3592,N648JB
3593,N709JB
3596,N779JB
3597,N612JB
3599,N708JB
3600,N598JB
3601,N570JB
3606,N903JB
3607,N958JB
3608,N949JT
3610,N995JL
3613,N966JT
3614,N527JL
3617,N588JB
3619,N965JT
3620,N913JB
3623,N954JB
3624,N996JL
3627,N950JT
3630,N972JT
3632,N952JB
3634,N974JT
3636,N971JT
3639,N975JT
3644,N970JB
3646,N999JQ
3652,N997JL
3654,N959JB
3656,N956JT
3657,N2038J
3695,N633JB
3696,N561JB
3697,N594JB
3698,N644JB
3699,N558JB
3700,N658JB
3701,N599JB
3702,N768JB
3703,N661JB
3704,N552JB
3708,N635JB
3710,N579JB
3714,N621JB
3715,N655JB
3719,N608JB
3723,N580JB
3726,N763JB
3727,N804JB
3730,N16065
3731,N174DZ
3732,N190DN
3733,N198DN
3734,N1604R
3735,N177DZ
3737,N169DZ
3738,N1603
3740,N173DZ
3741,N1605
3744,N1602
3748,N1200K
3750,N188DN
3753,N197DN
3758,N189DN
3766,N195DN
3768,N176DZ
3783,N178DZ
3803,N171DZ
3807,N836MH
3814,N845MH
3818,N172DZ
3946,N186DN
4003,N3121J
4004,N3102J
4005,N3115J
4006,N3058J
4007,N3118J
4009,N3125J
4011,N3077J
4014,N3104J
4015,N3008J
4016,N3112J
4022,N3062J
4027,N3023J
4043,N3065J
4051,N3113J
4058,N3085J
4061,N3044J
4155,N636JB
4156,N566JB
4158,N729JB
4159,N646JB
4160,N712JB
4163,N806JB
4178,N334JB
4180,N203JB
4193,N190JB
4195,N193JB
4197,N368JB
4199,N231JB
4201,N358JB
4203,N346JB
4205,N184JB
4207,N265JB
4208,N258JB
4209,N283JB
4210,N284JB
4212,N206JB
4214,N192JB
4216,N317JB
4217,N281JB
4221,N183JB
4223,N521JB
4240,N267JB
4241,N355JB
4245,N373JB
4251,N187JB
4252,N238JB
4336,N556JB
4343,N524JB
4394,N503JB
4575,N902XJ
4587,N918XJ
4591,N933XJ
4857,N602XJ
4859,N833AY
4861,N980EV
4863,N685BR
4865,N840AY
4869,N8839E
4871,N8869B
4877,N8847A
4879,N8946A
4883,N820AY
4886,N686BR
4888,N8877A
4889,N8918B
4894,N832MH
4896,N825MH
4897,N830MH
4901,N831MH
4952,N413DX
5260,D-AIHW
5261,D-AIHY
5262,D-AIHZ
5263,D-AIKO
5264,D-AIGP
5265,D-AIFC
5266,D-AIGS
5267,D-AIKR
5268,D-AIKM
5269,D-AIKP
5272,D-AIGN
5279,D-AIFE
5280,D-AIKK
5286,D-AIKN
5288,D-AIKL
5295,D-AIKS
5301,D-ABVW
5302,D-ABVU
5303,D-ABTK
5308,D-ABTL
5313,D-ABVM
5318,D-ABVX
5328,D-ABVY
5340,D-ABVZ
5375,D-ABYA
5387,D-ABYJ
5448,D-ABYR
5450,D-ABYP
5451,D-ABYO
5453,D-ABYN
5457,D-ABYG
5458,D-ABYC
5460,D-ABYK
5462,D-ABYS
5464,D-ABYL
5465,D-ABYH
5467,D-ABYT
5473,D-ABYF
5474,D-ABYU
5480,D-ABYI
5482,D-ABYQ
5484,D-ABYM
5491,D-ABYD
5615,A359
5621,HP-1835CMP
5622,HP-1840CMP
5623,HP-1834CMP
5624,HP-1832CMP
5625,HP-1848CMP
5626,HP-1839CMP
5627,HP-1843CMP
5628,HP-1831CMP
5629,HP-1842CMP
5630,HP-1837CMP
5631,HP-1844CMP
5632,HP-1841CMP
5633,HP-1847CMP
5634,HP-1727CMP
5635,HP-1824CMP
5639,HP-1821CMP
5640,HP-1833CMP
5646,HP-1849CMP
5649,HP-1725CMP
5651,HP-1836CMP
5652,HP-1826CMP
5658,B738
5661,HP-1846CMP
5664,HP-1829CMP
5666,HP-1851CMP
5670,HP-1845CMP
5681,HP-1825CMP
5682,HP-1830CMP
5683,HP-1729CMP
5684,HP-1838CMP
5688,HP-1728CMP
5689,HP-1827CMP
5693,HP-1828CMP
5711,HP-1822CMP
5720,HP-1823CMP
5724,HP-1726CMP
5725,HP-1730CMP
5735,HP-9906CMP
5988,N591JB
5989,N197JB
5990,N274JB
5994,N279JB
5995,N307JB
5996,N339JB
6000,N337JB
6001,N329JB
6005,N247JB
6007,N229JB
6010,N328JB
6012,N375JB
6015,N354JB
6019,N306JB
6027,N304JB
6031,N323JB
6039,N236JB
6042,N216JB
6064,N179JB
6094,N955JB
6097,N998JE
6123,N348JB
6131,N976JT
6143,N662JB
6157,N547JB
6160,N266JB
6162,N318JB
6165,N309JB
6203,N324JB
6204,N351JB
6211,N519JB
6216,N529JB
6223,N794JB
6388,N920CG
6389,N934AG
6393,N963AV
6395,N967AV
6398,N965AV
6400,N940AV
6401,N937AV
6404,N959AV
6405,N775AV
6406,N964AV
6407,N962AV
6408,N762AV
6412,N938AV
6413,N765AV
6418,N751AV
6424,N818AV
6427,N764AV
6444,N726AV
6445,N557AV
6455,N776AV
6476,N691AV
6490,N740AV
6494,N743AV
6502,N647AV
6508,N748AV
6515,N766AV
6516,N723AV
6523,N519AV
6545,N422AV
6592,N745AV
6602,N694AV
6606,N690AV
6624,N695AV
6629,N730AV
6687,N454AV
6739,EI-IFB
6740,EI-EJO
6744,EI-IFC
6745,EI-IFE
6746,EI-IFD
6747,EI-IFF
6748,EI-EJK
6751,EI-IFA
6755,EI-EJP
6762,EI-EJL
6776,EI-EJG
6806,EI-EJM
6814,EI-DIP
6821,EI-EJH
7133,N8986B
7139,N8933B
7141,N924EV
7151,N8928A
7161,N8974C
7163,N8976E
7169,N398CA
7173,N8837B
7185,N835AY
7281,N904XJ
7341,N490PX
7342,N917XJ
7343,N914XJ
7344,N916XJ
7456,N249JB
7463,N239JB
7491,N228JB
7513,N198JB
7517,N273JB
7608,N292JB
7642,N948JB
7643,N994JL
7962,N590JB
8124,N516JB
8126,N504JB
8127,N505JB
8131,N517JB
8133,N520JB
8139,A320
8147,N563JB
8151,N506JB
8161,N993JE
8162,N568JB
8163,N630JB
8165,N536JB
8166,N784JB
8167,N746JB
8168,N507JT
8169,N645JB
8170,N583JB
8171,N961JT
8176,N653JB
8181,N353JB
8225,N374JB
8254,N316JB
8256,N946JL
8263,N595JB
8271,N296JB
8322,N294JB
8326,N592JB
8327,N807JB
8329,N834JB
8334,N980JT
8338,N989JT
8341,N509JB
8342,N656JB
8343,N618JB
8347,N828JB
8349,N535JB
8353,N865DN
8354,N891DN
8355,N898DN
8356,N923DZ
8357,N813DN
8358,N900DU
8359,N828DN
8360,N901DN
8361,N890DN
8362,N835DN
8363,N830DN
8365,N912DU
8366,N895DN
8367,N838DN
8368,N887DN
8369,N801DZ
8370,N914DU
8371,N930DZ
8372,N846DN
8373,N899DN
8375,N927DZ
8376,N884DN
8377,N831DN
8378,N911DQ
8379,N929DZ
8380,N365NW
8381,N121DU
8383,N335NW
8384,N361NW
8385,N355NW
8386,N368NW
8387,N331NW
8388,N127DU
8389,N348NW
8390,N340NW
8391,N343NW
8392,N359NW
8393,N377NW
8394,N105DU
8395,N336NW
8396,N358NW
8397,N362NW
8398,N323US
8399,N350NA
8402,N370NW
8403,N334NW
8405,N374NW
8406,N351NW
8408,N119DU
8409,N309US
8410,N337NW
8411,N111DC
8412,N314DN
8413,N320DN
8414,N306DN
8415,N383DZ
8416,N395DZ
8417,N323DN
8418,N345DN
8419,N103DY
8420,N348DN
8421,N119DN
8422,N101DQ
8423,N370DN
8424,N357DN
8426,N397DN
8427,N313DN
8428,N127DN
8429,N334DN
8430,N352DN
8431,N115DN
8432,N124DX
8433,N315DN
8435,N378DN
8436,N381DZ
8437,N112DN
8438,N356DN
8439,N322DN
8441,N374DX
8442,N325DN
8443,N311DN
8445,N329DN
8446,N393DN
8447,N387DN
8448,N126DN
8449,N390DN
8450,N367DN
8452,N364DX
8453,N341DN
8454,N375DN
8455,N350DN
8456,N354DN
8457,N391DN
8458,N394DX
8459,N360DN
8460,N113DX
8462,N326DN
8463,N310DN
8464,N309DN
8465,N305DN
8466,N321DH
8468,N385DZ
8469,N118DY
8470,N658DL
8471,N6704Z
8472,N540US
8473,N693DL
8474,N667DN
8475,N695DL
8476,N556NW
8478,N670DN
8480,N557NW
8482,N6714Q
8484,N686DA
8485,N688DL
8486,N539US
8489,N682DA
8490,N696DL
8491,N547US
8492,N104DN
8493,N140DU
8495,N142DU
8496,N388DN
8499,N681DA
8500,N328DN
8501,N330DX
8503,N377DN
8504,N303DN
8506,N353DN
8507,N347DN
8509,N339DN
8513,N386DN
8519,N361DN
8520,N106DN
8525,N105DX
8526,N122DN
8528,N365DN
8530,N312DN
8531,N107DN
8533,N324DX
8534,N349DX
8539,N379DN
8540,N337DN
8543,N317DN
8547,N120DN
8552,N123DW
8558,N371DN
8559,N117DX
8560,N343DN
8561,N380DN
8566,N316DN
8567,N318DX
8568,N368DN
8569,N336DX
8571,N346DN
8573,N304DN
8576,N102DN
8579,N362DN
8580,N331DN
8582,N392DN
8586,N301DV
8587,N302DN
8590,N338DN
8591,N125DN
8592,N129DN
8600,N396DN
8602,N355DN
8615,N398DN
8619,N351DN
8621,N108DN
8624,N502DX
8625,N110DX
8630,N307DX
8633,N319DN
8639,N335DN
8640,N372DN
8643,N389DN
8645,N109DN
8658,N359DN
8659,N184DN
8712,N320SY
8713,N240SY
8723,N324SY
8745,N309SY
8751,N244SY
8763,N255SY
8771,N319SY
8777,N317SY
8783,N270SY
8787,N287SY
8789,N273SY
8791,N275SY
8795,N298SY
8797,N285SY
8799,N262SY
8801,N278SY
8805,N272SY
8807,N265SY
8809,N283SY
8813,N290SY
8815,N282SY
8817,N291SY
8821,N300SY
8823,N267SY
8829,N263SY
8833,N279SY
8837,N299SY
8839,N289SY
8926,N296SY
8940,N257SY
8943,N610CZ
8977,N268SY
8987,N820SK
9001,N821SK
9031,N421DX
9408,N340CA
9415,N376CA
9417,N480PX
9429,N367CA
9435,N354CA
9516,N138EV
9688,N668CA
9769,N433YX
9791,N437YX
9792,N826MD
9794,N425YX
9795,N122HQ
9802,N110HQ
9812,N404YX
9876,N872RW
9881,N821MD
9887,N806MD
9903,N127HQ
9923,N435YX
9936,N113HQ
9941,N452YX
9947,N111HQ
9952,N870RW
9953,N130HQ
9962,N415YX
9980,N125HQ
9998,N408YX
10021,N929JB
10050,N982JB
10051,N978JB
10052,N641JB
10057,N564JB
10058,N947JB
10063,N775JB
10064,N962JT
10067,N809JB
10068,N627JB
10070,N603JB
10072,N508JL
10073,N979JT
10074,N586JB
10075,N510JB
10080,N821JB
10083,N985JT
10084,N605JB
10086,N565JB
10088,N639JB
10094,N624JB
10099,N760JB
10102,N637JB
10111,N587JB
10120,N569JB
10121,N789JB
10122,N585JB
10123,N643JB
10124,N531JL
10135,N606JB
10185,N623JB
10200,N827JB
10211,N607JB
10222,N554JB
10229,N935JB
10242,N632JB
10258,N715JB
10259,N584JB
10272,N640JB
10278,N923JB
10294,N981JT
10295,N663JB
10306,N613JB
10307,N526JL
10312,N665JB
10318,N706JB
10319,N793JB
10328,N703JB
10334,N593JB
10366,N759AN
10367,N790AN
10368,N797AN
10369,N773AN
10370,N752AN
10371,N768AA
10372,N772AN
10375,N776AN
10376,N760AN
10377,N750AN
10378,N762AN
10380,N798AN
10384,N778AN
10385,N761AJ
10389,N782AN
10392,N765AN
10393,N766AN
10395,N791AN
10399,N753AN
10401,N796AN
10403,N780AN
10404,N775AN
10405,N758AN
10407,N800AN
10408,N794AN
10409,N784AN
10411,N781AN
10412,N792AN
10419,N793AN
10424,N751AN
10425,N786AN
10432,N789AN
10437,N770AN
10438,N767AJ
10439,N785AN
10441,N757AN
10454,N795AN
10469,N774AN
10482,N787AL
10485,N783AN
10498,N788AN
10500,N779AN
10507,N754AN
10512,N755AN
10517,N799AN
10524,N777AN
10925,N987JT
10945,N805JB
10965,N629JB
10970,N796JB
10979,N523JB
11005,N992JB
11068,N811DZ
11072,N3753
11075,N909DN
11078,N916DU
11084,N894DN
11088,N859DN
11098,N869DN
11100,N873DN
11102,N810DN
11104,N903DN
11108,N819DN
11110,N924DZ
11112,N3745B
11116,N376DA
11120,N808DN
11121,N905DN
11122,N868DN
11123,N809DN
11125,N824DN
11129,N774DE
11130,N882DN
11132,N864DN
11133,N191DN
11134,N915DU
11135,N862DN
11136,N850DN
11137,N896DN
11139,N926DZ
11140,N861DN
11143,N822DN
11144,N804DN
11145,N385DN
11147,N844DN
11150,N372DA
11156,N876DN
11164,N816DN
11166,N849DN
11168,N853DN
11172,N867DN
11174,N874DN
11176,N387DA
11182,N818DA
11184,N843DN
11186,N854DN
11188,N815DN
11190,N3730B
11196,N875DN
11200,N893DN
11202,N834DN
11209,N353NW
11216,N312US
11221,N373NW
11224,N326US
11227,N320US
11232,N366NW
11234,N328NW
11235,N333NW
11239,N121DZ
11243,N128DN
11247,N116DN
11257,N308DN
11258,N382DN
11272,N503DZ
11292,N366DX
11314,N363DN
11355,N342DN
11360,N114DN
11362,N333DX
11363,N373DX
11388,N369DN
11409,N981AT
11410,N932AT
11411,N986AT
11412,N952AT
11413,N993AT
11414,N928AT
11415,N996AT
11416,N939AT
11417,N983AT
11418,N989AT
11419,N998AT
11420,N950AT
11422,N896AT
11423,N940AT
11424,N934AT
11425,N925AT
11426,N970AT
11427,N965AT
11428,N717JL
11429,N948AT
11430,N933AT
11431,N607AT
11432,N990AT
11435,N344DN
11468,N638JB
11694,N384DN
11716,N807DN
11717,N3757D
11718,N870DN
11719,N860DN
11721,N848DN
11722,N908DN
11723,N373DA
11726,N920DU
11729,N832DN
11730,N3755D
11731,N852DN
11733,N841DN
11737,N3761R
11744,N3747D
11745,N897DN
11747,N985AT
11750,N929AT
11751,N930AT
11752,N947AT
11754,N943AT
11756,N945AT
11761,N971AT
11762,N997AT
11765,N967AT
11768,N953AT
11772,N942AT
11773,N951AT
11774,N979AT
11775,N921AT
11778,N978AT
11779,N988AT
11781,N924AT
11783,N991AT
11787,N946AT
11795,N608AT
11802,N937AT
11821,N955AT
11829,N966AT
11837,N923AT
11843,N982AT
11852,N954AT
11854,N995AT
11858,N964AT
11860,N974AT
11868,N980AT
11870,N676DL
11873,N842DN
11880,N550NW
11881,N827DN
11882,N845DN
11883,N910DU
11884,N673DL
11885,N698DL
11886,N690DL
11887,N6707A
11888,N6708D
11890,N6710E
11892,N660DL
11895,N668DN
11896,N554NW
11897,N679DA
11898,N687DL
11899,N6716C
11900,N6715C
11901,N692DL
11903,N665DN
11906,N694DL
11907,N552NW
11909,N6702
11910,N674DL
11911,N822DX
11913,N555NW
11915,N6705Y
11916,N699DL
11917,N6713Y
11919,N6709
11925,N678DL
11928,N6706Q
11929,N6712B
11931,N542US
11936,N672DL
11945,N671DN
11946,N689DL
11949,N697DL
11964,N669DN
11969,N683DA
11971,N6711M
11972,N684DA
11980,N537JT
12511,N922XJ
12635,N394DA
12637,N3740C
12638,N399DA
12639,N392DA
12640,N397DA
12642,N390DA
12643,N3733Z
12645,N3732J
12647,N3758Y
12648,N3737C
12652,N3748Y
12654,N377DE
12655,N3735D
12656,N3769L
12657,N3738B
12659,N378DA
12660,N3773D
12661,N378NW
12665,N363NW
12669,N369NW
12671,N376NW
12673,N332NW
12675,N324US
12681,N371NW
12683,N347NW
12685,N372NW
12689,N354NW
12693,N317US
12712,N321US
12714,N375NC
12716,N338NW
12734,N339NW
12740,N364NW
12746,N357NW
12748,N352NW
12754,N319US
12764,N847DN
12766,N821DN
12771,N883DN
12774,N877DN
12775,N582NW
12776,N583NW
12777,N593NW
12778,N586NW
12779,N596NW
12780,N591NW
12781,N589NW
12782,N594NW
12783,N581NW
12785,N587NW
12789,N584NW
12790,N376DN
12814,N885DN
12818,N921DU
12819,N881DN
12820,N902DN
12868,N332DN
12882,N358DN
12901,N327DN
13348,N977AT
13602,N967AM
13603,N446AM
13604,XA-AMR
13605,N965AM
13606,N783AM
13607,N964AM
13612,N782AM
13613,N183AM
13614,XA-AMX
13619,N128AM
13622,XA-ADH
13632,XA-ADG
13633,XA-ADL
13639,XA-MFG
13640,N966AM
13647,XA-ADD
13662,XA-ADC
13737,N438AM
14012,N301SY
14138,N264SY
14139,N288SY
14147,N274SY
14151,N269SY
14154,N271SY
14163,N281SY
14166,N284SY
14253,N286SY
14263,N277SY
14280,N302SY
14285,N292SY
14362,C-GXAS
14813,G-VIIB
14814,G-VIIH
14815,G-STBM
14817,G-VIID
14819,G-STBK
14822,G-STBP
14823,G-STBD
14824,G-VIIS
14825,G-RAES
14827,G-STBN
14829,G-STBL
14830,G-STBO
14832,G-VIIC
14833,G-VIIA
14842,G-STBG
14844,G-STBH
14847,G-STBB
14851,G-VIIM
14855,G-VIIL
14859,G-VIIG
14867,G-VIIF
14869,G-VIIJ
14881,G-VIIK
14882,G-VIIY
14885,G-VIIW
14900,G-YMML
14901,G-VIIN
14914,G-VIIE
14941,G-YMMG
15070,G-STBI
15188,G-VIIV
15189,D-ANRE
15190,D-AIYA
15191,D-AIYD
15192,D-ANRI
15198,D-AIYC
15201,D-ANRH
15202,EC-NTX
15205,D-AIYB
15230,D-ANRA
15246,9H-SMF
15253,9H-SMD
15275,9H-SMG
15281,D-ABUC
15322,EC-NOG
15373,D-ABUO
15375,D-ABUI
15376,D-ABUD
15379,D-ABUB
15380,D-ABUA
15382,EC-NBN
15387,D-ABUF
15393,D-ABUE
15395,D-ABUP
15415,N196DN
15441,N361NB
15442,N367NW
15447,N327NW
15456,N341NW
15461,N360NW
15463,N344NW
15465,N342NW
15466,N174DN
15467,N194DN
15470,N176DN
15474,N175DN
15475,N179DN
15477,N178DN
15478,N172DN
15480,N171DN
15482,N177DN
15486,N183DN
15524,N185DN
15529,N340DN
15557,N510DE
15558,N506DA
15562,N802DN
15566,N513DA
15569,N507DZ
15573,N509DT
15682,N900PC
15706,N67171
15892,N920XJ
15984,A6-EUT
15985,A6-EOH
15986,A6-EOM
15987,A6-EON
15988,A6-EOF
15989,A6-EUR
15990,A6-EUU
15991,A6-EVH
15992,A6-EEV
15994,A6-EEU
15998,A6-EUS
16000,A6-EOD
16002,A6-EOL
16004,A6-EVF
16013,A6-EVL
16022,A6-EVD
16025,A6-EVJ
16031,A6-EVK
16035,A6-EVI
16037,A6-EUI
16046,A6-EUJ
16053,A6-EOG
16058,A6-EEL
16060,A6-EVG
16065,A6-EEF
16075,A6-EEK
16078,A6-EOC
16080,A6-EDZ
16086,A6-EOE
16117,A6-EUE
16131,A6-EEM
16138,A6-EEG
16147,A6-EVE
16148,A6-EUW
16150,A6-EVC
16155,A6-EUV
16166,A6-EUF
16167,A6-EUH
16168,A6-EUL
16174,A6-EVM
16195,A6-EUG
16221,A6-EUK
16286,A6-EVQ
16287,A6-EVR
16288,A6-EVS
16289,A6-EVP
16290,A6-EVO
16292,A6-EVN
16343,9K-API
16344,9K-APH
16345,9K-APF
16396,9K-AOH
16397,9K-AOK
16398,9K-AOF
16402,9K-AOJ
16403,9K-AOL
16404,9K-AOM
16405,9K-AOD
16415,9K-AOE
16422,9K-AOI
16519,9K-AOC
16618,HB-JHF
16619,HB-JHK
16620,HB-JHE
16621,HB-JHD
16622,HB-JHB
16623,HB-JHJ
16625,HB-JHC
16626,HB-JHG
16628,HB-JHI
16629,HB-JHM
16636,HB-JHL
16663,HB-JHN
16971,N852GT
16972,N775SA
16977,N984JB
16978,N977JE
16979,N991JT
16980,N968JT
16981,N990JL
16988,N969JT
16989,N986JB
16993,N934JB
16995,N942JB
17008,N945JT
17025,N944JT
17027,N937JB
17028,N983JT
17031,N964JT
17044,N988JT
17059,N943JT
17076,N967JT
17251,N2142J
17591,N720AN
17592,N721AN
17594,N732AN
17595,N729AN
17597,N735AT
17600,N731AN
17603,N730AN
17605,N719AN
17608,N724AN
17612,N728AN
17613,N726AN
17615,N723AN
17617,N736AT
17618,N727AN
17623,N725AN
17636,N717AN
17647,N733AR
17655,N722AN
17668,N718AN
17701,N966NN
17704,N910NN
17706,N200NV
17708,N819NN
17709,N951AA
17715,N979AN
17719,N979NN
17723,N924NN
17727,N994NN
17729,N932AN
17733,N978NN
17734,N935AN
17736,N838NN
17744,N841NN
17749,N335PH
17752,N983NN
17760,N807NN
17762,N940AN
17764,N956NN
17766,N927AN
17768,N962NN
17773,N963AN
17781,N921AN
17794,N904AN
17800,N882NN
17807,N861NN
17810,N810NN
17814,N316PF
17820,N953NN
17821,N908NN
17826,N840NN
17830,N903NN
17833,N953AN
17836,N973NN
17840,N945AN
17843,N912NN
17851,N961AN
17856,N958AN
17860,N954NN
17862,N873NN
17864,N878NN
17869,N817NN
17875,N897NN
17882,N865NN
17897,N919NN
17937,N867NN
17941,N862NN
18016,N829NN
18018,N835NN
18048,N817AW
18076,N701UW
18090,N819AW
18104,N700UW
18118,N722US
18129,N918NN
18133,N809AW
18147,N102NN
18159,N810AW
18172,N824AW
18187,N826AW
18197,N359PX
18201,N949NN
18203,N306PB
18209,N923AN
18215,N982AN
18217,N985NN
18219,N909NN
18232,N301PA
18238,N930NN
18270,N961DZ
18272,N954DZ
18274,N958DZ
18278,N953DZ
18280,N959DZ
18289,N806DN
18313,N3767
18319,N721TW
18320,N705TW
18321,N710TW
18322,N712TW
18323,N727TW
18324,N707TW
18325,N704X
18327,N717TW
18329,N703TW
18334,N706TW
18339,N722TW
18361,N837DN
18377,N904DN
18381,N851DN
18387,N805DN
18400,N702TW
18408,N723TW
18414,N718TW
18461,N918DU
18473,N906DN
18476,N919DU
18576,N871DN
18579,N872DN
18585,N823DN
18596,N839DN
18598,N917DU
18604,N820DN
18612,N855DN
18621,N829DN
18628,N889DN
18637,N879DN
18642,N833DN
18643,N880DN
18645,N863DN
18647,N907DN
18665,N892DN
18792,EC-NLP
18793,EC-NGT
18794,EC-NXC
18795,EC-NVR
18797,EC-NBE
18800,EC-NXD
18802,EC-NIS
18803,EC-NMZ
18804,EC-NIG
18807,EC-NSC
18808,EC-NJM
18810,EC-MUD
18811,EC-MXV
18813,EC-MYX
18822,EC-NCX
18834,EC-MYA
18835,EC-MMG
18836,EC-MAA
18839,EC-NDR
18842,EC-LZJ
18843,EC-LXK
18848,EC-MNL
18849,EC-MKI
18850,EC-LZX
18851,EC-LYF
18856,EC-MSY
18862,EC-MOU
18863,EC-MLB
18865,EC-MKJ
18867,EC-MNK
18872,EC-LUK
18880,EC-LUX
18898,EC-LUB
18922,EC-NXE
18979,EC-MLP
19064,EC-MJA
19137,N344NB
19153,N340NB
19156,N341NB
19159,N339NB
19161,N346NB
19163,N342NB
19171,N343NB
19175,N345NB
19191,N371DA
19203,N362NB
19227,N3746H
19311,N113AN
19312,N111ZM
19313,N109NN
19314,N107NN
19315,N110AN
19316,N105NN
19317,N106NN
19321,N115NN
19322,N112AN
19324,N101NN
19325,N116AN
19337,N117AN
19347,N108NN
19350,N103NN
19414,N104NN
20470,N224JQ
20471,N209JQ
20472,N246JQ
20473,N219YX
20474,N207JQ
20475,N222JQ
20476,N202JQ
20477,N228JQ
20478,N242JQ
20479,N208JQ
20480,N204JQ
20481,N212JQ
20484,N229JQ
20485,N243JQ
20486,N206JQ
20487,N216JQ
20492,N239JQ
20494,N221JQ
20495,N223JQ
20496,N218JQ
20497,N226JQ
20498,N215JQ
20501,N233JQ
20503,N860RW
20504,N240JQ
20506,N214JQ
20507,N210JQ
20509,N213JQ
20510,N236JQ
20514,N205JQ
20515,N220JQ
20517,N203JQ
20519,N227JQ
20522,N234JQ
20527,N231JQ
20528,N818MD
20529,N878RW
20531,N880RW
20537,N824MD
20539,N879RW
20540,N823MD
20545,N810MD
20547,N875RW
20551,N882RW
20559,N232JQ
20562,N815MD
20571,N217JQ
20574,N235JQ
20576,N241JQ
20581,N244JQ
20582,N238JQ
20584,N245JQ
20607,N225JQ
20608,N230JQ
20658,N211JQ
20704,N237JQ
21294,B-18771
21296,B-18773
21300,B-18772
21312,B-18776
21326,B-18775
21330,B-18722
21336,B-18720
21479,N867RW
21811,N871RW
21969,N886DN
21972,N812DN
21974,N826DN
21975,N922DZ
21998,N840DN
21999,N856DN
22003,N878DN
22014,N814DN
22034,N817DN
22041,N866DN
22054,N913DU
22064,N857DZ
22065,N925DZ
22066,N836DN
22071,N825DN
22078,N181DN
22080,N187DN
22086,N508DA
22087,N517DN
22089,N501DA
22090,N511DE
22093,N504DZ
22096,N505DZ
22099,N521DT
22139,N541US
22145,N538US
22146,N544US
22152,N549US
22154,N545US
22160,N535US
22165,N537US
22174,N803DN
22285,N543US
22286,N536US
22288,N546US
22297,N820DX
22957,D-AIHP
22960,D-AIHV
22961,D-AIHT
22963,D-AIHI
22967,D-AIHU
23149,D-AIXL
23289,XA-VIF
23292,XA-VIT
23296,XA-VII
23297,XA-VIA
23298,XA-VAA
23300,XA-VIN
23301,XA-VYD
23306,XA-VAT
23307,XA-VIJ
23309,XA-VIV
23310,XA-VIM
23314,XA-VIQ
23315,XA-VIL
23317,XA-VIS
23320,XA-VAI
23323,XA-VAO
23324,XA-VAR
23326,XA-VAX
23328,XA-VBB
23329,XA-VAP
23338,XA-VAY
23339,XA-VAW
23340,XA-VAN
23343,XA-VAJ
23351,XA-VIE
23357,XA-VIK
23360,XA-VAE
23362,XA-VIB
23376,XA-VBH
23378,XA-VIU
23382,XA-VAM
23393,XA-VAU
23399,XA-VAQ
23408,XA-VBA
23430,XA-VAB
23443,XA-VIW
23470,XA-VIO
23483,XA-VIR
23493,XA-VIH
23519,XA-VAV
23564,XA-VAC
23678,N875NN
23698,N943NN
23730,N957AN
23778,N869NN
23792,N899NN
23814,N858NN
23820,N944NN
23844,N916AN
23879,N892NN
23891,N714US
23892,N742PS
23894,N447AN
23895,N738US
23896,N839AW
23897,N747UW
23898,N740UW
23899,N756US
23900,N737US
23901,N715UW
23902,N424AN
23905,N717UW
23906,N725UW
23908,N8031M
23909,N12028
23910,N8009T
23911,N9006
23914,N9013A
23915,N8027D
23916,N9025B
23920,N943AN
23921,N9021H
23922,N8030F
23923,N9011P
23924,N4005X
23925,N9029F
23931,N830AW
23938,N970AN
23943,N937AN
23947,N981NN
23954,N339PL
23993,N659AW
23995,N604AW
23997,N660AW
23999,N163AA
24001,N667AW
24005,N109UW
24007,N112US
24008,N9019F
24020,N665AW
24026,N664AW
24028,N647AW
24032,N663AW
24038,N668AW
24044,N650AW
24048,N655AW
24050,N661AW
24056,N652AW
24062,N131NN
24064,N680AW
24066,N993AN
24068,N601AW
24074,N123UW
24080,N653AW
24082,N658AW
24084,N656AW
24088,N804AW
24092,N9002U
24094,N815AW
24096,N766US
24098,N749US
24106,N829AW
24114,N806AW
24120,N763US
24122,N159AN
24126,N909AM
24128,N746UW
24130,N769US
24140,N774XF
24142,N904AA
24150,N772XF
24158,N148AN
24170,N662AW
24176,N823AW
24188,N822AW
24194,N840AW
24202,N758US
24204,N821AW
24206,N834AW
24218,N771XF
24226,N730US
24232,N802AW
24240,N818AW
24248,EI-LRB
24250,EI-LRD
24256,EI-LRF
24263,EI-LRA
24280,EI-LRC
24315,EI-LRG
24322,EI-LRE
24559,N4073J
24560,N4048J
24564,N4062J
24565,N4022J
24567,N4058J
24570,N4064J
24784,N2105J
24963,N992AN
24978,N449AN
24979,N414AL
24980,N422AN
24981,N418AN
24982,N403AN
24983,N415AN
24984,N441UW
24985,N458AL
24986,N440AN
24987,N419AN
24988,N442AN
24989,N432AN
24990,N400AN
24991,N464AA
24992,N438AN
24994,N465AN
24995,N459AN
24996,N902AA
24998,N119NN
24999,N452AN
25001,N456AN
25002,N420AN
25003,N462AA
25004,N416AN
25010,N408AN
25014,N450AN
25016,N444UW
25017,N405AN
25020,N460AN
25022,N423AN
25024,N435AN
25026,N434AN
25027,N429AN
25029,N402AN
25032,N404AN
25033,N430AN
25038,N428AA
25042,N409AA
25044,N427AN
25045,N451AN
25046,N466AN
25047,N439AN
25048,N425AN
25051,N431AN
25052,N406AN
25072,N436AN
25081,N443AA
25083,N463AA
25084,N421UW
25097,N177US
25098,N134AN
25102,N433AN
25109,N410AN
25110,N417AN
25117,N461AN
25121,N143AN
25125,N411AN
25126,N453AA
25128,N141NN
25131,N457AM
25133,N544UW
25138,N931AM
25140,N989AU
25142,N129AA
25143,N162AA
25144,N150NN
25145,N120EE
25146,N193UW
25147,N164NN
25148,N125AA
25152,N118NN
25154,N900UW
25155,N123NN
25156,N124AA
25157,N907AA
25158,N151AN
25159,N152AA
25160,N153AN
25161,N990AU
25162,N139AN
25163,N158AN
25164,N157AA
25165,N155NN
25168,N130AN
25170,N160AN
25171,N142AN
25172,N145AN
25175,N910AU
25176,N994AN
25177,N933AM
25179,N122NN
25182,N905AU
25183,N558UW
25185,N133AN
25188,N144AN
25189,N929AA
25193,N149AN
25201,N154AA
25203,N986AN
25204,N132AN
25207,N121AN
25209,N928AM
25210,N906AA
25211,N995AN
25214,N127AA
25215,N903AA
25217,N156AN
25224,N165NN
25228,N140AN
25231,N167AN
25233,N560UW
25236,N161AA
25240,N992AU
25242,N997AA
25639,A7-ANC
25640,A7-ANL
25641,A7-ANE
25642,A7-ANB
25643,A7-ANQ
25644,A7-ANJ
25645,A7-ANP
25646,A7-ANI
25649,A7-ANF
25655,A7-ANG
25656,A7-ANR
25659,A7-AND
25663,A7-ANA
25664,A7-ANS
25669,A7-ANO
25672,A7-ANN
25673,A7-BEP
25677,A7-BEM
25679,A7-BEI
25680,A7-BAC
25681,A7-BER
25682,A7-BEO
25684,A7-BET
25685,A7-BEW
25686,A7-BEV
25687,A7-BEH
25690,A7-BEQ
25691,A7-BAE
25693,A7-BEJ
25694,A7-BEX
25695,A7-BEN
25696,A7-BEK
25698,A7-BEU
25700,A7-BEE
25701,A7-BEL
25703,A7-BAI
25704,A7-BEG
25705,A7-ANM
25706,A7-ANH
25711,A7-ANK
25723,A7-BAH
25745,A7-AML
25747,A7-AMK
25780,A7-BED
25785,A7-BAO
25792,A7-BEF
25802,A7-BES
25808,A7-BAG
25815,A7-ALZ
25826,A7-BBG
25838,A7-BAM
25850,A7-BAN
25852,A7-BBI
25855,A7-BBD
25915,A7-BAF
26004,PH-BQH
26005,PH-BHH
26006,PH-BVI
26007,PH-BHO
26008,PH-BKD
26009,PH-BKL
26010,PH-BHD
26011,PH-BHF
26012,PH-BHI
26013,PH-BKK
26014,PH-BHA
26016,PH-BHE
26018,PH-BQM
26019,PH-BQF
26021,PH-BHC
26022,PH-BHL
26023,PH-BQL
26024,PH-BQE
26026,PH-BQN
26028,PH-BQG
26031,PH-BQC
26032,PH-BVG
26034,PH-BQK
26036,PH-BQP
26037,PH-BVK
26039,PH-BHP
26040,PH-BKH
26043,PH-BHM
26044,PH-BQA
26045,PH-BKG
26055,PH-BQO
26059,PH-BKC
26060,PH-BKA
26066,PH-BKF
26082,PH-BVV
26087,PH-BVB
26090,PH-BHG
26100,PH-BQB
26103,PH-BVN
26112,PH-BVF
26118,PH-BVA
26127,PH-BVP
26130,PH-BVW
26132,PH-BVD
26137,PH-BVS
26144,PH-BVC
26216,PH-BQI
26257,PH-BHN
26309,PH-BQD
26342,N928DU
26426,N3768
26462,N927AT
26478,N936AT
26482,N938AT
26490,N944AT
26494,N935AT
26496,N919AT
26501,N893AT
26529,N994AT
26533,N949AT
26538,N963AT
26564,N685DA
26577,N675DL
26580,N659DL
26635,N590NW
26913,N800AY
26923,N8694A
26934,N927EV
26935,N8936A
26938,N836AY
26994,N315SY
26999,N825SK
27003,N837SK
27016,N833SK
27063,N316SY
27598,N869RW
27928,N3741S
27932,N3764D
27933,N3760C
27934,N3750D
27937,N3756
27941,N389DA
27943,N3754A
27944,N775DE
27945,N381DN
27947,N3766
27948,N374DA
27949,N386DA
27951,N3772H
27955,N3763D
27956,N3731T
27958,N383DN
27960,N3765
27964,N379DA
27967,N776DE
27968,N393DA
27970,N3751B
27971,N396DA
27975,N3762Y
27978,N3742C
27979,N3734B
27980,N375DA
27981,N388DA
27983,N3749D
28002,N3771K
28010,N391DA
28015,N3759
28018,N395DN
28021,N384DA
28068,N819DX
28074,N823DX
28076,N821DX
28078,N548US
28181,N858DZ
28188,N511DN
28291,N515DE
28295,N528DE
28299,N518DQ
28300,N522DA
28310,N526DE
28313,N516DA
28314,N514DE
28316,N512DE
28348,N193DN
28432,N888DU
28602,N398DA
28636,N3739P
28656,N3752
28698,N134DU
28699,N113DQ
28700,N144DU
28702,N126DU
28703,N122DU
28704,N118DU
28705,N128DU
28706,N143DU
28710,N107DU
28711,N114DU
28712,N111NG
28714,N112DU
28717,N120DU
28718,N110DU
28722,N131DU
28723,N116DU
28726,N103DU
28732,N135DQ
28733,N117DU
28739,N129DU
28741,N137DU
28743,N133DU
28744,N141DU
28750,N123DQ
28753,N102DU
28755,N130DU
28830,N101DU
28840,N330NW
28842,N325US
28862,N106DU
28866,N125DU
28868,N145DQ
28872,N108DQ
28876,N115DU
28880,N311DU
28881,N310DU
28883,N306DU
28885,N308DU
28886,N302DU
28887,N303DU
28888,N364NB
28891,N304DU
28892,N307DU
28896,N301DU
28898,N305DU
28905,N309DU
28965,N588NW
28980,N592NW
28986,N585NW
28992,N132DU
29030,N104DU
29052,N138DU
29096,N109DU
29106,N124DU
29112,N136DQ
29156,N139DU
29270,N338NB
29271,N328NB
29275,N337NB
29278,N319NB
29279,N330NB
29280,N333NB
29282,N329NB
29283,N317NB
29284,N359NB
29285,N369NB
29288,N323NB
29289,N360NB
29290,N348NB
29291,N368NB
29292,N316NB
29295,N363NB
30013,N394DL
30016,N192DN
30166,N553NW
30250,N962AK
30251,N937AK
30252,N942AK
30253,N285AK
30255,N409AS
30256,N977AK
30257,N277AK
30258,N960AK
30259,N291BT
30260,N477AS
30262,N936AK
30263,N931AK
30265,N953AK
30267,N268AK
30268,N419AS
30269,N290AK
30274,N920AK
30275,N948AK
30276,N468AS
30277,N459AS
30278,N943AK
30279,N479AS
30280,N933AK
30281,N435AS
30283,N280AK
30284,N924AK
30285,N270AK
30286,N248AK
30287,N978AK
30289,N215AK
30291,N448AS
30292,N974AK
30293,N283AK
30297,N935AK
30299,N407AS
30300,N921AK
30301,N293AK
30303,N214AK
30305,N288AK
30306,N956AK
30307,N274AK
30308,N402AS
30309,N976AK
30310,N487AS
30311,N237AK
30312,N403AS
30313,N247AK
30314,N294AK
30316,N928AK
30317,N453AS
30319,N462AS
30320,N278AK
30321,N264AK
30322,N979AK
30324,N251AK
30325,N493AS
30328,N934AK
30331,N958AK
30333,N265AK
30337,N972AK
30338,N946AK
30340,N949AK
30345,N973AK
30349,N491AS
30350,N442AS
30354,N495AS
30359,N236AK
30361,N440AS
30365,N938AK
30367,N929AK
30370,N525AS
30371,N297AK
30374,N434AS
30377,N471AS
30378,AS1428
30388,N457AS
30392,N481AS
30394,N263AK
30397,N915AK
30398,N919AK
30399,N478AS
30403,N971AK
30406,N266AK
30407,N292AK
30413,N224AK
30415,N433AS
30416,N486AS
30417,N975AK
30420,N918AK
30421,N281AK
30422,N253AK
30429,N483AS
30433,N941AK
30436,N926AK
30439,N287AK
30440,N284AK
30442,N408AS
30447,N275AK
30450,N952AK
30452,N492AS
30456,N428AS
30464,N413AS
30481,N558AS
30494,N520AS
30500,N467AS
30502,N260AK
30508,N282AK
30515,N526AS
30525,N474AS
30530,N913AK
30544,N238AK
30579,N273AK
30581,N431AS
30588,N267AK
30589,N461AS
30595,N565AS
30602,N523AS
30605,N538AS
30606,N472AS
30610,N513AS
30612,N524AS
30614,N508AS
30615,N553AS
30618,N556AS
30620,LX-VCV
30758,N199DN
30900,N829AN
31300,N8932C
31306,N801AY
31308,N8965E
31348,F-GZNC
31349,F-GSQG
31350,F-GSQL
31351,F-GSQC
31352,F-GSQA
31353,F-GSQF
31354,F-GSQB
31356,F-GZNB
31357,F-GSQJ
31358,F-GSQV
31360,F-GSQI
31361,F-GSQY
31364,F-GZNA
31369,F-GZNE
31377,F-GSQD
31383,F-GZND
31387,F-GSQM
31398,F-GSQU
31406,F-GSQH
31412,F-GSQK
31724,N954AK
31726,N932AK
31740,N512AS
31743,N272AK
31745,N464AS
31747,N548AS
31756,N494AS
31772,N423AS
31808,N955AK
31816,N298AK
31837,N529AS
31849,N305AS
31851,N307AS
31854,N315AS
31857,N303AS
31860,N309AS
31867,N323AS
31869,N514AS
31872,N584AS
31884,N469AS
31886,N546AS
31887,N551AS
31949,N319AS
31968,N296AK
31988,N317AS
32005,N839VA
32006,N849VA
32008,N848VA
32009,N842VA
32010,N840VA
32011,N838VA
32012,N361VA
32013,N846VA
32014,G-CKWN
32024,G-CKOF
32597,N8942A
32647,N317CA
32799,N201JQ
34005,N298JB
34027,N178JB
34293,G-STBJ
34331,A6-BLV
34332,A6-BLO
34333,A6-BLU
34334,A6-BLW
34336,A6-BLQ
34337,A6-BLH
34338,A6-BLX
34340,A6-BLM
34342,A6-BLS
34343,A6-BLG
34345,A6-BLJ
34346,A6-BLT
34348,A6-BLY
34350,A6-BLI
34351,A6-BLL
34360,A6-BLR
34363,A6-BLP
34364,A6-BLK
34373,A6-XWE
34374,A6-XWB
34375,A6-XWC
34380,A6-XWF
34382,A6-XWA
34648,A6-BLF
34652,A6-BLN
34785,N655CA
35871,N368CA
35900,N390CA
35938,N8968E
35941,N832AY
35949,CRJ2
36028,XA-MAT
36029,XA-MAQ
36031,XA-MAO
36032,XA-MAG
36033,XA-MAK
36041,XA-SSR
36125,XA-DRA
36126,N958AM
36127,XA-JOY
36128,N825AM
36129,XA-AMJ
36132,XA-AMN
36133,N957AM
36134,N377AR
36138,XA-AMU
36178,XA-ADU
36192,XA-ZAM
36194,XA-AMG
36195,XA-AMK
36198,XA-AMS
36202,XA-AMB
36204,XA-AML
36383,G-VSXY
36386,G-VRAY
36387,G-VINE
36390,G-VGBR
36393,G-VNYC
36396,G-VKSS
36397,G-VUFO
36413,G-VLUV
36417,G-VWAG
36464,G-VGEM
36704,N370NB
36744,N329NW
36756,N345NW
36775,N356NW
37553,G-VPOP
37554,G-VLUX
37556,G-VRNB
37561,G-VTEA
37563,G-VJAM
37576,G-VDOT
37579,G-VJAZ
37586,G-VLDY
37592,G-VTOM
37597,G-VPRD
37603,G-VEVE
37644,G-VMAP
37713,G-VBOW
37757,G-VCRU
37762,G-VWOO
37776,G-VNYL
37779,G-VOWS
37783,G-VOOH
37784,G-VBZZ
37789,G-VZIG
37798,G-VBEL
37802,G-VAHH
37811,G-VYUM
37813,G-VNEW
37819,G-VFAN
37823,G-VWHO
37827,G-VDIA
37835,G-VSPY
37909,N948NN
38123,N921NN
38141,N901AN
38279,N966AN
38288,N906AN
38353,N931NN
38869,N357NB
38873,N334NB
38874,N322NB
38876,N335NB
38878,N314NB
38883,N318NB
38884,N331NB
38885,N358NB
38887,N327NB
38893,N320NB
38894,N301NB
38897,N349NB
38900,N325NB
38904,N352NB
38905,N366NB
38922,N382DA
38941,N380DA
38955,N3736C
39081,N302NB
39092,N347NB
39951,PH-BVU
40094,C-FBWJ
40095,C-FWCN
40096,C-FRWA
40097,C-GWSZ
40098,C-GWJT
40099,C-FWSO
40101,C-GQWJ
40102,C-FKIW
40103,C-GWSX
40104,C-GWJG
40105,C-FLWJ
40106,C-FUMF
40107,C-GSWJ
40108,C-FKWJ
40111,C-GWJF
40112,C-FRYV
40113,C-FKWS
40114,C-GUWJ
40115,C-GWSA
40116,C-GWSP
40118,C-FZRM
40120,C-GMWJ
40121,C-FZWS
40122,C-GWBJ
40123,C-FHCM
40124,C-FRAX
40125,C-GRWS
40127,C-GWRG
40129,C-FUWS
40130,C-GCWJ
40134,C-FGWJ
40135,C-GWJO
40137,C-GWBX
40139,C-GZSG
40142,C-GGWJ
40144,C-FWSY
40148,C-FWSF
40149,C-FIBW
40151,C-GVWA
40153,C-GYWJ
40154,C-GWBF
40155,C-FDMB
40157,C-FWSX
40158,C-FCNW
40160,C-GWCM
40161,C-GOCD
40163,C-GWSQ
40170,C-FUJR
40174,C-GWBU
40176,C-GKWJ
40178,B737
40179,C-GWBT
40182,C-GWSN
40183,C-GAMQ
40185,C-FCSX
40188,C-FWJS
40189,C-GCAM
40190,C-GWCN
40195,C-FNAX
40197,C-GEHF
40201,C-FXMS
40203,C-GWWJ
40206,C-GWSR
40213,C-FUSM
40215,C-FNWD
40217,C-GRTB
40221,C-GWSV
40222,C-GAWS
40223,C-GRAX
40226,C-GJWS
40228,C-GWAZ
40233,C-FBWI
40243,C-GDDR
40245,C-GWBL
40254,C-GXAX
40260,C-GKWA
40271,C-GVWJ
40272,C-GWLK
40275,C-FWSI
40276,C-FWVJ
40278,C-FWSK
40683,N776XF
40717,N816AW
40719,N721UW
40746,N767UW
40760,N703UW
40786,N770UW
40800,N902NN
41665,N907AN
41666,N903AN
41714,N863NN
41737,N338PK
41744,N902AN
41768,N944AN
41797,N982NN
41800,N922AN
41846,N760US
41871,N773XF
41892,N705UW
41893,N704US
41895,N710UW
41897,N825AW
41899,N724UW
41902,N723UW
41913,N713UW
41914,N709UW
41917,N708UW
41921,N5007E
41922,N4032T
41923,N9016
41924,N9010R
41932,N3014R
41935,N9012
41941,N9022G
41951,N925NN
42059,N908AN
42102,N306NY
42212,N928NN
43354,JY-BAF
43355,JY-BAE
43356,JY-BAG
43357,JY-BAH
43358,JY-BAC
43359,JY-BAA
43360,JY-BAB
43696,N819AY
43752,N8894A
44796,G-EIDY
44798,G-EILA
44820,G-EIRH
46167,N613AZ
46168,N479AZ
46169,N229AZ
46170,N409AZ
46171,N569AZ
46172,N347AZ
46174,N1439A
46175,N449AZ
46176,N419AZ
46177,N491AZ
46178,N389AZ
46179,N641AZ
46181,N331AZ
46182,N617AZ
46185,N457AZ
46188,N503AZ
46189,N227AZ
46197,N257AZ
46200,N359AZ
46201,N251AZ
46208,N307AZ
46210,N313AZ
46215,N431AZ
46219,N353AZ
46226,N311AZ
46228,N433AZ
46233,N239AZ
46243,N233AZ
46249,N1049A
46252,B763
46264,N317AZ
46282,N443AZ
46289,N241AZ
46299,N337AZ
46315,N379AZ
46323,N499AZ
46337,N367AZ
46344,N397AZ
46584,N895NN
46674,N90024
46677,N866NN
46682,N9018E
46688,N9004F
46695,N987AM
46712,N93003
46719,N833AW
46722,N9008U
46730,N9026C
46738,N9015D
46751,N70020
46766,N9023N
46781,N9017P
46805,N177XF
46807,N801AW
46815,N764US
46847,N808AW
49185,G-VEII
49201,G-VLIB
49343,N926AT
49401,N377DA
49530,N3744F
49650,N37700
49713,N3743H
50363,N535AS
50476,N923VA
50478,N926VA
50480,N929VA
50481,N921VA
50482,N925VA
50483,N930VA
50485,N927VA
50486,N928VA
50488,N924VA
50489,N922VA
50497,N570AS
50578,N585AS
50604,N562AS
50626,N533AS
50637,N506AS
50648,N588AS
50664,N532AS
50708,N577AS
50711,N534AS
50714,N587AS
50715,N563AS
50718,TC-JJH
50720,TC-LJA
50722,TC-LJI
50723,TC-JJR
50724,TC-LJG
50725,TC-JJI
50726,TC-LJF
50727,TC-JJN
50728,TC-JJP
50729,TC-JJZ
50730,TC-JJY
50731,TC-LJD
50734,TC-LJC
50735,TC-LJE
50736,TC-JJL
50737,TC-JJO
50739,TC-JJV
50740,TC-LJH
50741,TC-JJK
50744,TC-JJF
50746,TC-JJT
50747,TC-JJM
50749,TC-JJS
50757,TC-JNZ
50759,TC-LJB
50761,TC-JPN
50766,TC-JVM
50768,TC-JOB
50769,TC-JOA
50774,TC-JJE
50775,TC-JOD
50776,TC-LND
50779,TC-JJU
50782,TC-JOG
50783,TC-JNP
50789,TC-JOE
50790,TC-JOL
50793,TC-JOK
50794,TC-JHV
50795,TC-JJJ
50802,TC-LNF
50836,TC-JPM
50858,TC-LJK
50872,TC-JHL
50914,TC-LSU
50938,TC-JJG
50977,TC-LJJ
51087,TC-JVJ
51193,N8001N
51358,N711UW
51371,N974UY
51372,N185UW
51375,N136AN
51376,N540UW
51377,N561UW
51411,N741UW
51420,N820AW
52899,G-YMMD
52900,G-VIIO
52901,G-VIIU
52902,G-VIIP
52904,G-VIIR
52905,G-YMMC
52907,G-VIIX
52908,G-YMME
52914,G-YMMO
52922,G-YMMF
52923,G-YMMA
52926,G-YMMR
52929,G-VIIT
52930,G-YMMB
52948,G-YMMI
52956,G-YMMP
52960,G-YMMJ
52972,G-YMMU
53022,G-YMMS
53029,G-YMMT
53039,G-STBC
53195,B-20E8
53196,B-1167
53198,B-20EH
53199,B-209E
53201,B-209X
53203,B-20D7
53204,B-1169
55541,N331CA
55860,N324NB
55862,N371NB
55868,N365NB
55871,N355NB
56120,N322SY
56629,N183SY
56877,N391CA
58964,N923EV
58978,N448SW
58992,N170FE
58993,N153FE
58994,N521FE
58995,N525FE
58996,N593FE
58997,N276FE
58998,N294FE
58999,N596FE
59000,N612FE
59001,N528FE
59002,N130FE
59003,N168FE
59004,N607FE
59005,N605FE
59007,N178FE
59008,N105FE
59011,N584FE
59012,N271FE
59013,N169FE
59014,N597FE
59015,N623FE
59016,N643FE
59017,N138FE
59018,N197FE
59019,N582FE
59020,N602FE
59022,N277FE
59024,N614FE
59025,N587FE
59026,N522FE
59027,N184FE
59028,N182FE
59030,N583FE
59031,N585FE
59032,N140FE
59033,N278FE
59034,N598FE
59036,N613FE
59037,N186FE
59038,N155FE
59041,N594FE
59042,N193FE
59043,N279FE
59044,N589FE
59047,N270FE
59049,N289FE
59050,N601FE
59051,N624FE
59053,N131FE
59054,N266FE
59055,N617FE
59056,N615FE
59057,N592FE
59058,N299FE
59059,N142FE
59064,N177FE
59065,N609FE
59069,N166FE
59070,N180FE
59071,N578FE
59075,N191FE
59076,N141FE
59077,N575FE
59079,N595FE
59080,N631FE
59082,N179FE
59083,N588FE
59084,N625FE
59086,N523FE
59087,N167FE
59089,N572FE
59090,N573FE
59091,N642FE
59092,N628FE
59093,N616FE
59096,N620FE
59097,N610FE
59098,N190FE
59104,N280FE
59109,N619FE
59110,N195FE
59114,N599FE
59115,N125FE
59116,N275FE
59118,N574FE
59121,N111FE
59124,N576FE
59126,N176FE
59127,N265FE
59132,N189FE
59136,N608FE
59143,N618FE
59144,N183FE
59145,N143FE
59146,N606FE
59150,N298FE
59157,N172FE
59165,N604FE
59168,N146FE
59188,N621FE
59192,N175FE
59193,N273FE
59199,N133FE
59200,N321FE
59205,N157FE
59210,N188FE
59211,N161FE
59216,N145FE
59217,N114FE
59219,N591FE
59221,N297FE
59227,N269FE
59228,N173FE
59239,N122FE
59241,N586FE
59253,N154FE
59258,N117FE
59259,N163FE
59283,N162FE
59284,N529FE
59285,N603FE
59663,F-GSPI
59672,CN-RAM
59674,CN-RGZ
59676,CN-RGX
59681,CN-RGY
59688,CN-RGT
59690,CN-RGS
59725,CN-RGC
59727,CN-RGB
59733,CN-RGU
60267,N353NB
60292,N354NB
60313,N332NB
60561,N326NB
60881,N530DE
60888,N519DT
60903,N315NB
60997,N336NB
61206,N321NB
62003,N595NW
62803,9V-SGA
62804,9V-SGG
62806,9V-SGB
62807,9V-SGC
62808,9V-SGF
62809,9V-SGD
62811,9V-SGE
63520,N349NW
63566,EC-MOY
63634,A6-EOT
63636,A6-EOW
63638,A6-EUB
63640,A6-EEW
63642,A6-EEZ
63646,A6-EEX
63648,A6-EOK
63652,A6-EUC
63654,A6-EEI
63656,A6-EOJ
63660,A6-EEY
63662,A6-EOU
63666,A6-EOV
63670,A6-EOB
63676,A6-EUA
63684,A6-EOA
63698,A6-EDU
63702,A6-EOI
63708,A6-EOO
63710,A6-EUD
63716,A6-EEE
63788,A6-EOZ
64051,A6-EEJ
64071,A6-EEA
64144,A6-EDV
64245,A6-EEN
65043,N8783E
65116,OH-LTS
65118,OH-LTU
65119,OH-LTO
65120,OH-LWA
65122,OH-LTM
65123,OH-LTP
65125,OH-LTT
65126,OH-LWD
65128,OH-LTR
65138,OH-LWB
65141,OH-LWM
65150,OH-LTN
65169,OH-LWR
65171,OH-LWG
65315,N961AK
65384,N560AS
65425,N516AS
65430,N530AS
65434,N528AS
65540,N519AS
65545,N552AS
65564,N549AS
65571,N518AS
65576,N593AS
65615,N527AS
65634,N592AS
66029,TF-ISX
66032,TF-ICB
66033,TF-ICA
66035,TF-ICU
66039,TF-ICC
66040,TF-ICD
66042,TF-ICP
66050,TF-FIX
66058,TF-ISO
66066,TF-FIV
66069,TF-FIK
66082,TF-ISV
66088,TF-FIN
66113,TF-ICY
66116,TF-ICN
66118,TF-ICR
66167,TF-ICO
66191,TF-ICE
66201,TF-ICM
66216,TF-ICS
66228,TF-ISW
66242,TF-ISN
66259,TF-FIA
66266,TF-FIO
66377,TF-ISP
66836,G-STBE
66882,G-STBF
67154,EI-GCF
67416,9H-POP
67523,N832AW
67529,N751UW
68748,N354PT
68763,N137AA
68767,N138AN
68775,N190UW
68785,N934AA
68799,N998AN
68811,N901AA
68819,N996AN
68827,N146AA
68835,N126AN
68837,N166NN
68843,N135NN
68879,N543UW
68882,N199UW
68905,N147AA
68909,N930AU
68910,N932AM
68933,N413AN
68939,N187US
68953,N128AN
68984,N908AA
68986,N991AU
69065,N510UW
69066,N446AN
69069,N920US
69074,N539UW
69077,N584UW
69080,N524UW
69089,N913US
69091,N922US
69092,N172US
69097,N582UW
69145,N549UW
69157,N924US
69184,N150UW
69197,N176UW
69203,N557UW
69215,N151UW
69278,N186US
69361,N154UW
69523,N124US
69534,N125UW
69567,N426AN
69569,N412UW
69571,N448AN
69674,CS-TSJ
69676,CS-TSG
69677,CS-TSH
69678,CS-TSF
69680,CS-TSI
70798,N315UP
70799,N310UP
70801,N361UP
70803,N301UP
70805,N352UP
70806,N337UP
70808,N316UP
70810,N320UP
70812,N335UP
70813,N358UP
70817,N334UP
70819,N368UP
70820,N342UP
70822,N314UP
70824,N377UP
70826,N349UP
70827,N371UP
70829,N375UP
70830,N322UP
70833,N373UP
70839,N331UP
70840,N339UP
70841,N354UP
70843,N367UP
70853,N346UP
70855,N370UP
70857,N325UP
70859,N332UP
70860,N317UP
70866,N323UP
70867,N353UP
70873,N313UP
70875,N305UP
70877,N344UP
70880,N356UP
70882,N311UP
70889,N340UP
70897,N347UP
70899,N304UP
70900,N360UP
70901,N326UP
70903,N341UP
70905,N448UP
70906,N348UP
70911,N312UP
70917,N583UP
70919,N272UP
70920,N281UP
70921,N254UP
70922,N276UP
70923,N280UP
70924,N126UP
70925,N329UP
70929,N366UP
70931,N171UP
70932,N330UP
70934,N355UP
70945,N303UP
70948,N350UP
70952,N149UP
70954,N309UP
70955,N365UP
70959,N161UP
70960,N359UP
70965,N131UP
70966,N308UP
70971,N133UP
70974,N345UP
70984,N336UP
70986,N289UP
70990,N328UP
70991,N372UP
70998,N351UP
71001,N343UP
71005,N357UP
71008,N364UP
71043,N363UP
71056,N270UP
71077,N374UP
71086,N302UP
71087,N327UP
71100,N338UP
71105,N369UP
73158,N122US
73164,N654AW
73223,N712US
73248,N805AW
73411,N716UW
75438,C-FEJY
75439,C-FRQM
75440,C-FRQW
75443,C-FEKJ
75444,C-FEJP
75445,C-FUJE
75446,C-FEKD
75448,C-FEJL
75449,C-FXJC
75450,C-FUJA
75453,C-FEJC
75454,C-FEJF
75455,C-FRQP
75457,C-FFYG
75459,C-FEKS
75461,C-FEKI
75465,C-FRQN
75471,C-FRQK
75691,N198UW
75828,OE-LAE
75831,OE-LAZ
75839,OE-LAY
75888,OE-LPB
76100,CS-TOP
76101,CS-TOO
76106,CS-TUN
76109,CS-TUA
76110,CS-TUG
76111,CS-TUP
76112,CS-TUF
76113,CS-TUC
76115,CS-TUM
76116,CS-TUR
76121,CS-TUO
76122,CS-TUK
76125,CS-TUI
76128,CS-TUS
76129,CS-TUB
76133,CS-TUL
76136,CS-TUH
76139,CS-TUQ
76141,CS-TXF
76142,CS-TXJ
76143,CS-TXC
76144,CS-TXG
76145,CS-TXE
76149,CS-TXI
76150,CS-TXK
76151,CS-TXB
76154,CS-TXA
76175,CS-TXD
76185,CS-TXH
76324,CS-TUJ
76363,CS-TUD
76414,CS-TUE
77562,SP-LSD
77563,SP-LSF
77565,SP-LSG
77566,SP-LSB
77567,SP-LSC
77572,SP-LRF
77573,SP-LSE
77577,SP-LRB
77579,SP-LRC
77581,SP-LSA
77582,SP-LRG
77583,SP-LRD
77584,SP-LRA
77586,SP-LRH
77590,SP-LRE
78147,B-LRX
78148,B-LRI
78149,B-LXL
78150,B-LQC
78151,B-LXK
78152,B-LQF
78153,B-LQD
78154,B-LQE
78156,B-LRA
78157,B-LRS
78159,B-LRJ
78161,B-LRR
78163,B-LRE
78166,B-LQA
78167,B-KQH
78605,N935DZ
78800,N351NB
79136,N6701
79426,N512DN
79427,N504DN
79429,N507DN
79430,N508DN
79432,N509DN
79437,N503DN
79438,N502DN
79442,N506DN
79446,N510DN
79448,N505DN
80225,C-FCJP
80227,C-FACJ
80229,C-FCJF
80231,B752
80237,C-GIAJ
80243,C-FLAJ
80252,C-GTCJ
80258,C-GCJT
80260,C-FKCJ
80262,C-GCJB
80264,C-FGKJ
80273,C-GVAJ
80285,C-GCJS
80313,C-FKAJ
80405,C-GAJU
80559,N999YV
80565,N881YV
85164,N312DU
85167,N313DU
85401,G-STBA
85976,HL8217
85977,HL8208
85978,HL7783
85979,HL8274
85980,HL8210
85981,HL8275
85982,HL8250
85983,HL8218
85984,HL8209
85989,HL8216
85990,HL7782
86017,HL7202
86018,HL8010
86019,HL8009
86020,HL8041
86021,HL8011
86023,HL8008
86024,HL8347
86025,HL8006
86026,HL7204
86034,HL8007
86035,HL8042
86039,HL7203
86046,HL7205
86053,HL7638
86057,HL8346
86623,CC-BBC
86625,CC-BBJ
87033,9Y-JAM
87034,9Y-ANT
87035,9Y-BAH
87038,9Y-TTO
87040,9Y-BAR
87043,9Y-CAL
87045,9Y-GRN
87048,9Y-GUY
87051,9Y-SUR
87120,9Y-ANU
87126,9Y-JMF
87130,9Y-TAB
90850,N315PE
91279,N445AA
92625,F-GSPP
92627,F-GSPM
92628,F-GSPY
92629,F-GSPL
92630,F-GSPJ
92631,F-GSPE
92632,F-GSPD
92633,F-GSPG
92634,F-GSPZ
92638,F-GSPO
92639,F-GSPQ
92651,F-GSPX
92665,F-GSPK
92668,F-GSPN
92669,F-GSPF
92694,F-GSPA
92697,F-GSPU
92710,F-GZNT
92714,F-GSQE
92808,F-GSQP
92842,F-GZNP
92982,N568UW
92985,N586UW
92986,N534UW
92990,N587UW
92999,N916US
93089,G-YMMH
94651,D-AALN
94652,D-AALJ
94654,D-AALU
94656,D-AALS
94658,D-AALR
94661,D-AALT
94662,D-AALA
94665,D-AALD
94668,D-AALE
94669,D-AALO
94671,D-AALC
94672,D-AALF
94673,D-AALI
94674,D-AALL
94675,D-AALG
94676,D-AALP
94679,D-AALB
94685,D-AALK
94686,D-AALQ
94713,D-AALM
94740,D-AALH
95754,N963AK
95768,N517AS
95812,N583AS
95858,N569AS
95865,N306AS
95874,N566AS
95879,N559AS
95884,N568AS
95911,N302AS
95919,N564AS
95938,N318AS
96034,N612AS
96037,N611AS
96038,N619AS
96723,B-LJH
96725,B-LJN
96727,B-LJM
96729,B-LJC
96733,B-LJL
96735,B-LJD
96737,B-LJI
96739,B-LJE
96747,B-LJG
96757,B-LJF
96765,B-LJB
96775,B-LJJ
96777,B-LJK
96815,B-LJA
97152,EC-NEN
97154,EC-NNH
97155,EC-NRG
97158,EC-NRH
97397,LN-FNC
97398,LN-FNB
97403,LN-FND
97404,LN-FNA
97431,LN-FNG
97445,LN-FNE
97482,LN-FNI
97554,LN-RKT
97555,LN-RKS
97557,SE-REH
97564,LN-RKU
97594,LN-RKN
97597,SE-DMS
97598,SE-DMR
97599,SE-DMO
97895,B-16729
97896,B-16721
97897,B-16726
97901,B-16725
97902,B-16720
97903,B-16719
97905,B-16727
97913,B-16722
97921,B-16723
97924,B-16718
97930,B-16728
98021,B-16715
98028,B-16717
98197,C-FEIX
98203,C-FXJF
98205,C-FEIQ
98215,C-FJBO
98219,C-FEJB
98223,C-GJNZ
98224,C-GJZA
98225,C-GUJZ
98226,C-GGMI
98229,C-GGND
98239,C-GJZN
98242,C-FFJA
98543,N170US
98546,N979UY
98649,N102UW
98656,N103US
100181,N590AS
100748,N942AV
100749,HK-5410
100769,N779AV
100774,HK-5409
100792,N958AV
100803,N956AV
100836,N750AV
100846,N477AV
100890,N742AV
101049,N862AV
101106,A7-BBE
101109,A7-BBC
101113,A7-BBB
101123,A7-BBA
101136,A7-BBF
101162,A7-BBH
101194,A7-ALY
101196,A7-ALS
101198,A7-ALQ
101199,A7-ALR
101226,A7-AMJ
101246,A7-BAA
101248,A7-BAQ
101269,A7-BAK
101303,A7-BAJ
101368,A7-ALJ
101388,A7-ALK
102782,JA788A
102783,JA793A
102784,JA784A
102786,JA795A
102787,JA797A
102792,JA794A
102794,JA785A
103224,N589AS
103338,N531AS
103495,N596AS
103566,N597AS
103616,N594AS
105371,XA-VLO
105372,XA-VRH
105373,N530VL
105374,N526VL
105375,XA-VRA
105376,XA-VRF
105378,XA-VRI
105379,N531VL
105380,N520VL
105381,XA-VLX
105382,XA-VLE
105383,XA-VOZ
105384,N508VL
105385,N509VL
105386,XA-VRC
105387,N543VL
105388,N534VL
105389,XA-VLL
105392,N541VL
105393,XA-VRD
105394,XA-VRE
105395,XA-VLD
105396,XA-VRR
105397,XA-VRK
105399,N515VL
105403,N513VL
105405,XA-VLQ
105407,XA-VLM
105408,XA-VRP
105410,N528VL
105413,N529VL
105415,XA-VLN
105419,N532VL
105422,N525VL
105423,N539VL
105424,N533VL
105427,XA-VLS
105430,XA-VRS
105434,XA-VRT
105437,XA-VLP
105449,XA-VRL
105453,XA-VRQ
105461,XA-VRN
105470,XA-VLK
105471,N510VL
105475,N538VL
105479,XA-VLR
105489,XA-VLC
105490,N519VL
105503,N536VL
105504,N511VL
105511,XA-VRJ
105525,N522VL
106007,B-20AC
106008,B-7185
106009,B-7183
106013,B-209Y
106015,B-2049
106017,B-2008
106018,B-2048
106020,B-20C5
106021,B-20CK
109225,LX-VCM
109227,LX-ECV
111457,N517DZ
111481,B-7369
111482,B-7343
111483,B-2023
111484,B-2002
111486,B-2022
111488,B-7365
111489,B-7347
111491,B-2021
111492,B-2025
111494,B-2020
111497,B-2005
111501,B-7881
111504,B-7868
111506,XA-AMM
111510,XA-AMA
111511,N875AM
111523,XA-AME
111530,XA-AMV
111535,XA-DRC
111538,XA-AMC
111563,XA-AMO
111565,N950AM
111593,N845AM
111832,N368AR
111875,N905AN
111992,HP-9903CMP
111995,HP-9919CMP
112095,HP-9905CMP
112839,N741AV
112867,N599AV
112922,N755AV
113725,UK78702
113726,UK78706
113727,UK32023
113731,UK32021
113741,UK32101
113758,UK32102
113762,UK32019
113783,UK67003
113786,UK32103
113787,UK67006
113790,UK67004
113813,UK32022
113818,N689TA
113820,N821AV
113821,N961AV
113822,N939AV
113823,N686TA
113824,N451AV
113827,N763AV
113828,N632AV
113829,N446AV
113834,N664AV
113835,N426AV
113859,N980AV
113884,N685TA
113908,N567AV
113948,N493TA
113953,N769AV
113972,N788AV
113978,N522TA
114262,B-2087
114283,HP-9915CMP
114630,HL7420
114633,HL7419
114636,HL7620
114639,HL7421
114645,HL7413
114648,HL7436
114654,HL7616
114690,HL7415
114708,HL7423
114711,HL7417
114717,G-DHLA
114718,G-DHLF
114719,G-DHLE
114723,G-DHLG
114725,G-DHLC
115450,N562AV
115451,HK-5318
115454,N957AV
115455,HK-5319
115459,HK-5335
115463,HK-5407
115465,HK-5425
115470,N951AV
115475,N230AC
115476,N345AV
115477,N688TA
115480,HK-5273
115481,N253AC
115488,HK-5422
115496,N411AV
115501,HK-5320
115511,HK-5408
115512,N281AV
115517,N416AV
115525,N960AV
115528,N195AV
115533,N954AV
115537,N481AV
115541,N401AV
115555,N536AV
115557,N992AV
115571,N4304
115579,N955AV
115603,N411AE
115629,N284AV
115631,N398AV
115837,N538AV
118007,N376UP
118055,N324UP
118066,N307UP
118096,N318UP
118718,N174FE
118719,N119FE
118726,N121FE
118731,N129FE
118734,N288FE
118738,N198FE
118740,N185FE
118749,N137FE
118750,N296FE
118753,N165FE
118755,N144FE
118759,N126FE
118764,N281FE
118765,N147FE
118776,N285FE
118781,N150FE
118788,N199FE
118799,N160FE
118801,N123FE
118803,N274FE
118810,N272FE
118815,N164FE
119541,TF-ISH
119988,N586AS
119994,N964AK
120000,N537AS
120056,N614AS
120057,N613AS
120058,N622AS
120060,N615AS
120221,N536AS
120668,VT-ALK
120669,VT-ALR
120670,VT-ALQ
120671,VT-ALS
120672,VT-ALH
120675,VT-AEF
120677,VT-ALG
120684,VT-ALF
120689,VT-AEG
120692,VT-AEH
120701,VT-ALN
120706,VT-ALM
120727,VT-ALP
120734,VT-ALT
120741,VT-ALX
120748,N384HA
120750,N379HA
120751,N382HA
120753,N375HA
120754,N383HA
120755,N378HA
120756,N385HA
120758,N396HA
120761,N390HA
120762,N388HA
120764,N361HA
120766,N389HA
120768,N360HA
120771,N373HA
120772,N386HA
120774,N380HA
120778,N395HA
120781,N374HA
120784,N392HA
120794,N399HA
120806,N391HA
120808,N381HA
120812,N370HA
121653,B-2091
121655,B-2093
121659,B-2096
121661,B-2098
121663,B-2097
121669,B-2095
121671,B-2092
121673,B-222S
121686,B-2094
121788,5Y-KZB
121789,5Y-KZG
121790,5Y-KZC
121791,5Y-KZA
121792,5Y-KZH
121796,5Y-KZE
121798,5Y-KZF
121804,5Y-KZD
121880,CC-BGF
121881,PT-MUH
121882,PS-LAA
121883,PT-MUA
121884,CC-BGL
121886,CC-BGN
121887,CC-BGH
121888,PT-MUB
121891,CC-BGE
121895,PT-MUE
121902,PT-MUF
121907,CC-BGD
121911,PT-MUG
121918,PT-MUC
121922,PT-MUI
121931,PT-MUJ
121932,CC-BGK
121937,PT-MUD
121943,CC-BGM
121967,PT-MOD
122015,CC-BGJ
122183,CC-BGI
122184,CC-BGA
122207,CC-BGP
122251,VT-ALJ
122255,VT-ALO
122289,VT-ALU
122315,TC-MCM
122317,TC-MCN
122380,TC-MCZ
122449,C-GVZB
122654,N320AS
122906,N557AS
123815,B-LQB
123817,B-LRG
123827,B-LRP
123830,B-LRF
123832,B-LRQ
123834,B-LRB
123837,B-LRD
123839,B-LRV
123843,B-LRM
123846,B-LRK
123848,B-LRT
123857,B-LRO
123860,B-LRN
123868,B-LXH
123869,B-LXI
124053,N768CK
124056,N745CK
124058,N709CK
124063,N744CK
124066,N742CK
124067,N743CK
124082,N708CK
124085,N701CK
124088,N707CK
124094,N713CK
124096,N740CK
124126,N710CK
124128,N716CK
124316,D-ALMA
124317,D-ALMD
124318,D-ALEJ
124321,D-AJFK
124338,D-ACVG
124445,EI-HEB
124446,EI-HEA
124544,LX-VCB
124545,LX-VCC
124546,LX-VCG
124551,LX-VCK
124552,LX-VCA
124554,LX-VCI
124562,LX-VCJ
124564,LX-VCH
124568,LX-VCE
124570,LX-VCN
124573,LX-VCF
124577,LX-VCD
124728,YU-ARB
124734,YU-ARC
124735,EC-NHM
124799,EC-NUI
124821,EC-MMY
124822,EC-MMX
124826,EC-MOM
124827,EC-MLT
124828,EC-MPE
124833,EC-NBX
124835,EC-NVZ
124836,EC-MTI
124839,EC-MSZ
124842,EC-MIG
124845,EC-NZG
124859,EC-NVX
124868,EC-MIH
124870,EC-MNS
124876,EC-NXA
124885,EC-NVY
124892,EC-NBM
125078,N690CA
125093,N659CA
125414,ZK-NZQ
125419,ZK-NZN
125424,ZK-NZM
125430,ZK-NZL
125431,ZK-NZR
125562,ET-ATL
125564,ET-ASG
125566,ET-ARE
125568,ET-ATI
125570,ET-ATK
125572,ET-AOP
125574,ET-ATJ
125576,ET-ASH
125578,ET-AOV
125582,ET-AOR
125590,ET-AOS
125600,ET-AOU
125604,ET-ARF
125618,ET-ASI
125626,ET-AOO
125636,ET-AOT
125650,ET-AOQ
125654,D-AIGV
125655,D-AIGM
125656,D-AIGL
125659,D-AIGO
125660,D-AIGY
125662,D-AIGX
125664,D-AIFF
125668,D-AIGW
125684,D-AIFD
125687,D-AIGU
125688,D-AIGZ
125692,D-AIGT
125729,D-AIKQ
125739,D-AIKI
125743,D-AIKG
125959,B-18053
125962,B-18051
125967,B-18003
125968,B-18052
125977,B-18007
125995,B-18001
126001,B-18005
126012,B-18055
126049,B-18006
126136,N362CM
126137,N372CM
126139,N317CM
126142,N371CM
126143,N767AX
126144,N760CK
126145,N390CM
126146,N219CY
126147,N220CY
126148,N391CM
126153,N226CY
126154,N651GT
126157,N364CM
126251,VP-CIY
126254,VP-CIX
126258,VP-CIW
126260,VP-CIZ
126462,D-AEAJ
126464,EI-OZL
126468,EI-OZM
126600,B-LIE
126785,A7-BFP
126789,A7-BFV
126792,A7-BFB
126795,A7-BFT
126798,A7-BFM
126800,A7-BFH
126809,A7-BFD
126815,A7-BFG
126818,A7-BFX
126821,A7-BFJ
126824,A7-BFQ
126834,A7-BFL
126841,A7-BFE
126849,A7-BFA
126854,A7-BFU
126861,A7-BFS
126913,N548VL
126915,N503VL
126929,N514VL
126930,N518VL
126931,N504VL
126955,N545VL
126998,N508KZ
127001,N860GT
127002,N404KZ
127003,9H-AKA
127005,9H-AKF
127024,TF-AMB
127048,TF-AMA
127078,TF-AMR
127089,RP-C3501
127091,RP-C7776
127093,RP-C7772
127094,RP-C7775
127097,RP-C7782
127101,RP-C7778
127106,RP-C7773
127107,RP-C7779
127129,RP-C7777
127141,RP-C7774
127152,RP-C3508
127246,HL8046
127248,HL8043
127252,HL8045
127254,HL8077
127256,HL8251
127260,HL8252
127262,HL8005
127264,HL8076
127266,HL8075
127276,HL8285
127286,HL8226
127335,HL8044
127352,N966AV
127433,LX-WCV
127434,LX-GCL
127436,LX-RCV
127438,LX-YCV
127439,LX-UCV
127452,LX-ICL
127457,G-DHLO
127459,G-DHLK
127467,G-DHLJ
127470,G-DHLL
127475,G-DHLY
127478,G-DHLM
127486,G-DHLN
127535,N513DZ
127573,N514DN
127589,B-2409
127593,B-2475
127601,B-2476
127612,4X-EDM
127613,4X-EDE
127614,4X-EDK
127615,4X-EDD
127616,4X-EDJ
127621,4X-EDB
127622,4X-EDC
127623,4X-EDA
127628,4X-EDI
127630,4X-EDH
127635,4X-EDL
127651,4X-EDF
127699,B-LXC
127700,B-LXF
127701,B-LXO
127702,B-LXA
127704,B-LXM
127706,B-LXR
127707,B-LXP
127710,B-LXQ
127713,B-LXE
127724,B-LXG
127725,B-LXD
127729,B-LRU
127739,B-LRC
127781,B-LXB
127790,JA16KZ
127791,JA12KZ
127794,JA11KZ
127806,JA15KZ
127812,JA18KZ
127827,JA14KZ
127863,JA13KZ
127875,JA17KZ
127941,9H-SZN
127950,EC-MQM
127951,9H-SOL
127958,9H-TQY
127978,EC-NOF
127992,9H-LEON
128092,N725QS
128748,C-GSKG
128749,C-GSKA
128752,C-GSKM
128753,B190
131322,N455AN
131773,N416MC
131787,N446MC
131802,N487MC
132268,N760SK
134137,N651AW
134208,N467AL
134210,N407AN
134214,N401AN
137492,N290FE
137493,N286FE
137494,N159FE
137497,N192FE
137513,N187FE
137514,N139FE
137526,N181FE
137527,N128FE
137539,N158FE
137548,N264FE
137553,N287FE
137560,N684FE
137561,N721FD
137562,N724FD
137564,N650FE
137565,N733FD
137566,N664FE
137568,N690FE
137569,N748FD
137570,N651FE
137572,N730FD
137573,N688FE
137575,N667FE
137576,N652FE
137577,N680FE
137579,N689FE
137581,N731FD
137811,N151FE
139585,N828QS
140666,HP-9902CMP
140891,N826SK
143300,TC-MCC
145904,SU-GDN
145905,SU-GDP
145907,SU-GDR
145908,SU-GDM
145909,SU-GDL
145918,SU-GEU
145919,SU-GEW
145920,SU-GET
145922,SU-GER
145924,SU-GES
145926,SU-GEV
145963,SU-GDO
147034,JA740J
147035,JA743J
147079,JA840J
147085,JA732J
147089,JA845J
147094,JA841J
147095,JA739J
147103,JA844J
147114,JA741J
147120,JA842J
147122,TC-LNE
147124,TC-JOF
147130,TC-LNC
147132,TC-JNH
147134,TC-JOJ
147136,TC-JOI
147138,TC-JOH
147139,TC-JNN
147142,TC-LNG
147156,TC-JNR
147160,TC-JNL
147165,TC-JNS
147173,TC-JNT
147178,TC-JNO
147181,TC-JNK
147187,TC-JNM
147205,HL8381
147206,HL8382
147209,HL8362
147212,HL8359
147215,HL8361
147243,HL8308
147288,N466CA
147300,N663AA
147301,N751CA
147302,N402VN
147304,N722CA
147314,N18VV
147315,N385CA
147318,C402
147319,N6879R
147321,N6875D
147329,N763EA
147334,N548GA
147342,N375R
147359,N494BC
147361,N4630N
147365,N1055
147368,N706CA
147375,N6813J
148609,C-FEJD
148623,C-FEKH
148640,C-GGFJ
148641,C-GVJZ
148643,C-GJZX
148666,C-GGMZ
148670,C-GGMN
148673,C-GGNY
148676,C-GJZF
149475,JA735J
149476,JA737J
149478,JA742J
149485,JA736J
149489,JA733J
149495,JA731J
149502,JA734J
149507,JA738J
149636,HL7622
149637,HL7627
149643,HL7621
149668,HL7614
149669,HL7628
149678,HL7644
149680,HL7637
149682,HL7630
149683,HL7642
149684,HL7632
149693,HL7636
150690,HZ-AK39
150691,HZ-AK24
150692,HZ-AK23
150693,HZ-AK43
150694,HZ-AK26
150695,HZ-AK41
150696,HZ-AK29
150697,HZ-AK27
150701,HZ-AK37
150704,HZ-AK36
150707,HZ-AK38
150711,HZ-AK28
150713,HZ-AK33
150714,HZ-AK30
150716,HZ-AK34
150731,HZ-AK35
150737,HZ-AK25
150745,HZ-AK14
150755,HZ-AK15
150783,HZ-AK40
150799,HZ-AK31
150805,HZ-AK13
150823,HZ-AK16
150862,JA798A
150863,JA796A
150875,JA792A
150901,JA787A
153009,B-16787
153013,B-16789
153017,B-16788
153023,B-16782
153025,B-16786
153031,B-16781
153035,B-16785
153043,B-16783
154679,N552UW
156686,N669CA
157698,F-GZNS
159270,C-FNJZ
160120,N657AW
161135,F-GZNI
161151,F-GZNQ
161162,F-GZNK
161167,F-GZNJ
161188,F-GZNH
163341,OO-SFJ
163342,OO-SFX
163344,OO-SFD
163347,OO-SFB
163348,OO-SFF
163349,OO-SFH
163353,OO-SFE
163357,OO-SFC
166883,N576UW
167757,CC-BBH
167758,CC-BBG
167760,CC-BBB
167761,CC-BBA
167766,CC-BBD
167768,CC-BBE
167769,CC-BBF
167806,CC-BGC
167813,CC-BBI
167818,CC-BGG
167825,CC-BGB
172299,9V-SKY
172300,9V-SKW
172302,9V-SKM
172308,9V-SKR
172314,9V-SKZ
179056,4X-ERB
179385,CC-CXI
179386,CC-CWV
179387,CC-CXG
179388,CC-CXH
179390,CC-CXC
179392,CC-CXJ
179393,CC-CXF
179395,CC-CWY
179398,CC-CWF
179425,CC-BHE
179426,CC-BFF
179427,CC-BFX
179429,CC-BFM
179430,CC-BHC
179432,CC-BHF
179433,CC-BFR
179434,CC-BFJ
179435,CC-BFT
179436,CC-BJD
179437,CC-BHA
179438,CC-BFI
179440,CC-BFG
179441,CC-CQO
179442,CC-BHB
179443,CC-BAE
179445,CC-BFS
179450,CC-BFV
179452,CC-BJF
179453,CC-CPL
179455,CC-BCD
179456,CC-BLE
179457,CC-BFH
179458,CC-BHD
179461,CC-CPO
179464,CC-BFN
179465,CC-CYJ
179468,CC-BFO
179471,CC-CPI
179475,CC-BFL
179543,TC-JNJ
181749,4X-ERA
182007,N26156
182021,N401SX
182032,N514NC
182037,N3292M
182044,N290CA
182055,N160PB
182077,N524CA
182084,N2651S
182196,UK78703
182213,UK78705
182221,UK78701
182227,UK78704
182289,N913CK
182304,N357CK
182321,N73CK
182327,N325NW
182361,N295CK
182530,HZ-AK42
182554,N351AF
182575,N531AF
182576,N918AF
182581,N835AF
182601,N894AF
182613,N243AF
182616,N653AF
182884,OE-IFK
182886,OE-IFM
182888,OE-IFD
182893,OE-ILC
182896,OE-IFB
183019,XA-LRC
183023,XA-GGL
183031,XA-EFR
183041,XA-UYR
