,FLIGHT
0,BR31
1,Y4895
2,3S453
3,CZ600
4,MU7758
5,MU298
6,CX843
7,NH159
9,AV7393
10,CM807
11,BW527
13,HY104
14,AV571
15,SLQ9743
16,HU454
17,K4256
18,AV567
19,8C3484
20,B62137
21,B61059
22,B6209
23,OZ587
24,AA2131
25,B61581
26,DL5853
27,DL2049
28,B62293
29,B6935
30,B675
31,CA1050
32,AA892
33,AA33
34,AA4293
35,B6518
36,B6583
37,B6869
38,B61105
39,B61603
40,B61881
41,B62701
42,B62802
43,DL813
44,AA76
45,AA1032
46,AV43
47,DL317
48,AA1487
49,B61057
50,DL4708
51,8C3401
52,AA2443
53,AA2591
54,AS31
55,B6677
56,B61515
57,DL520
58,DL1073
59,DL1540
60,5Y551
61,AA1327
62,B6121
63,B61681
64,DL5136
65,AA1
66,DL707
67,DL1395
68,AV21
69,AA1289
70,AS33
71,B6137
72,B6751
73,B6779
74,B6787
75,B6847
76,BW521
77,B61073
78,SE261
79,DL774
80,DL1015
81,DL1236
82,B6939
83,AA4538
84,DL4768
85,AA4469
86,AA2604
87,BA178
88,AA860
89,B6503
90,B6765
91,B6841
92,B61457
93,B62661
94,DL482
95,DL870
96,DL1579
97,DL5021
98,DL5250
99,DL5627
100,VS26
101,AM405
102,DL3585
103,DL365
104,DL613
105,DL2565
106,B61111
107,AA4321
108,AA1610
109,DL1930
110,B6411
111,AA799
112,B6508
113,DL1845
114,DL1917
115,DL1955
116,DL1994
117,DL806
118,B61107
119,DL621
120,B61219
121,DL1877
122,DL3709
123,B6601
124,B61931
125,DL4980
126,DL5195
127,DL838
128,DL968
129,B62285
130,DL5323
131,FX442
132,DL1427
133,DL5723
134,FX628
135,AA976
136,DL1887
137,B61087
138,AS35
139,B6627
140,DL4844
141,FI720
142,DL1907
143,DL5015
144,B6459
145,B61083
146,AA4393
147,AA1899
148,B61179
149,B61273
150,DL5241
151,AA142
152,AA2819
153,DL5432
154,B6557
155,B61311
156,B61634
157,DL625
158,AA4588
159,AS21
160,AS39
161,EJA828
162,B6243
163,B6219
164,B61602
165,DL5661
166,B61529
167,B6149
168,B6189
169,B62725
170,DL4946
171,DL352
172,DL4875
173,DL4884
174,B69
175,CM803
176,DL5350
177,DL629
178,DL3659
179,DL5070
180,AA2643
181,DL5696
182,B61533
183,AA4709
184,AC8553
185,B62903
186,DL402
187,HA51
188,B62593
189,AA4664
190,DL5606
191,B61691
192,AA255
193,B6413
194,B61851
195,B62718
196,B6953
197,DL644
198,B61869
199,QR704
200,DL5276
201,B62201
202,CI5321
203,DL1063
204,AA4638
205,B6523
206,B6725
207,B61817
208,MB601
209,B6255
210,DL326
211,DL1368
212,B6757
213,DL1417
214,B6111
215,EK204
216,DL709
217,DL1241
218,DL3627
219,DL5720
220,AA331
221,AA688
222,AA4304
223,B683
224,B6337
225,BW4
227,DL4660
228,DL1738
229,AA4300
230,AS19
231,AS23
232,DL496
233,DL1891
234,DL3527
235,DL4744
236,AI116
237,DL716
238,AA4687
239,AA4749
240,B62223
241,DL4832
242,MS986
243,GB1152
244,AA4368
245,9K119
246,B6285
247,KE250
248,DL1406
249,B6479
250,B6871
251,B61009
252,DL1961
253,AI102
254,K49162
255,AA1706
256,B6186
257,AA626
258,AC8899
259,B61601
260,JL8005
261,TK4
262,DL4781
263,OZ221
264,9K1023
265,9K909
266,DL4942
267,DL4966
268,DL5057
269,AS14
270,B61051
271,B62719
272,DL5555
273,B6718
274,B61759
275,AA2829
276,B61721
277,AA4336
278,AC8555
279,DL5003
280,DL1428
281,DL5081
282,AA1184
283,AA4734
284,B61483
285,JL5
286,B6116
287,KE82
288,B6295
289,DL253
290,DL685
291,KQ3
292,DL4829
293,B6134
294,MF850
295,B6163
296,DL456
297,DL4985
298,DL5592
299,DL5224
300,AA4479
301,SV20
302,NH109
303,B61118
304,B62039
305,DL5124
306,B6776
307,B61835
308,DL5291
309,AA4767
310,B62221
311,B62902
312,EY102
313,AA320
314,B62473
315,AA2423
316,B61019
317,B6679
318,B61401
319,CX831
320,DL3520
321,DL3566
322,DL4819
323,DL5197
324,DL5759
325,DL4635
326,BR625
327,DL1200
328,DL5812
329,DL325
330,AA2557
331,DL5679
332,DL5270
333,K4651
334,DL379
335,B6803
336,AA4301
337,DL3582
338,DL5471
339,DL202
340,CM812
341,DL1084
342,AV211
343,B61769
344,AA2624
345,DL1684
346,AA185
347,B6309
348,B6623
349,B61518
350,B61719
351,DL1855
352,B61677
353,DL1908
354,B6193
355,PO366
356,AA4449
357,B62637
358,DL1214
359,DL5650
360,AA4371
361,DL650
362,DL4762
363,AA4577
364,B6615
365,CA1078
366,B6105
367,LH401
368,DL2094
369,AZ609
370,VB101
371,DL5556
372,B62093
373,AA302
374,AA1587
375,DL4901
376,AM409
377,AA4710
378,DE2017
379,EJA408
380,AA4599
381,DL3579
382,DL2077
383,AA4685
384,AF23
385,B62901
386,DL46
387,LX17
388,B6383
389,DL172
390,DL557
391,B6341
392,DL182
394,AA3
395,AA236
396,AS17
397,DL521
398,EI104
399,B62993
400,AS27
401,AA66
402,AA4476
403,B6263
404,B62129
405,DL669
406,DL5448
407,DL680
408,IB6250
410,DL4746
411,B61965
412,B6225
413,DL4723
414,AA334
415,B673
416,B61918
417,DL2890
418,WS1681
419,DL3504
420,DL4923
421,DL5405
422,LH411
423,AA2772
424,AA2226
425,AA44
426,AA846
427,AF15
428,B6419
429,DL560
430,DL5615
431,DL1636
432,B61185
433,KL642
434,DL5704
435,B62053
436,DL4713
437,B6823
438,DL28
439,AA2979
440,B61186
441,AA100
442,AA2652
443,DL986
444,VS4
445,DL126
446,DL671
447,AA198
448,EI110
449,QY361
450,DL4682
451,DL985
452,SN502
453,AM403
454,B6669
455,B61211
456,DL357
457,DL5006
458,DL5160
459,Z0702
460,AA485
461,AA2995
462,AF7
463,B6161
464,B61419
465,BA112
466,KL646
467,DL106
468,B62
469,DL140
470,LA8181
471,B61328
472,BA174
473,AS25
474,B62583
475,AA4651
476,B6603
477,DL1859
478,AA94
479,AA2038
480,AA4804
481,B6355
482,DL152
483,EI44
484,KU118
485,DL1943
486,VS46
487,DL4896
488,AA106
489,B671
490,DL1192
491,DL38
492,DL429
493,AA4611
494,AA431
495,LX23
496,DL3615
498,B61005
499,DL313
500,DL5314
501,DL5607
502,DL3711
503,AA4546
504,DL262
505,JU501
506,LA533
507,B643
508,B665
509,DL184
510,DL48
511,AA4743
512,B6775
513,DL1
514,DL272
515,DL1553
517,DL1426
518,DL2495
519,DL1447
520,DL1638
521,DL418
522,DL1514
523,B697
524,B6135
525,B6223
526,B61501
527,DL516
528,DL4671
529,DL5261
531,B6283
532,BA2272
533,QR702
534,VS128
535,BA116
536,AA117
537,AS41
538,B61903
539,B62193
540,AZ605
542,FI614
543,AA4313
544,B6318
545,DL52
546,DL5613
547,VS10
548,AA292
549,AT201
550,DL4987
551,AA4586
552,B689
553,B61295
554,DL100
555,AA300
556,DL4736
557,DL5678
558,IB6252
559,BA172
560,LX15
561,SQ25
562,S4246
563,B6839
564,B6883
565,B6937
566,AA177
567,AA4290
568,B67
569,B6815
570,DL4772
571,DL5451
572,DL5672
573,VS154
574,8C3447
575,EI106
576,B61277
577,KL644
578,DL668
579,DL1975
580,AA120
581,AA4294
582,AF11
583,AZ611
584,BA114
585,B61823
586,DL44
587,DL4655
588,DL218
589,DL1335
590,DL3589
591,OS88
592,DL216
593,RJ262
594,B6509
595,DL4955
596,AA4355
597,LH405
598,B61359
599,NZ1
600,AA4283
601,B6745
602,B61181
603,B61385
604,B62516
605,DL3
606,DL208
607,DL5324
608,ET513
610,TP208
611,UX92
612,AA104
613,DL168
614,DL4920
615,EK206
616,LO27
617,B6918
618,B61723
619,AA951
620,B62615
621,DL264
622,DL4850
623,DL4881
624,SQ23
625,EI5066
626,DL227
627,DL1261
628,DL5612
629,CA8432
630,EY100
631,DL5095
632,DL5340
633,AY16
634,B6676
635,B6403
636,B61537
637,BA182
638,EK202
639,VS138
640,GB306
641,AA146
642,DL246
643,DL62
645,DL234
646,IB2628
647,AV245
648,LY8
649,AF9
650,DL156
651,N0602
652,SK920
653,LA2469
654,TK12
655,N0302
656,QR8183
657,CX85
658,AA973
659,KE86
661,CI11
665,3S451
667,CZ8112
669,Q64085
673,PR127
675,CA982
676,KE258
677,AV653
678,CV5047
679,SV902
682,5Y8691
687,B62003
688,B6123
695,B615
698,C86197
714,D0361
724,KZ159
727,DL487
730,B6723
756,B6743
781,FX644
785,B62123
790,AA179
795,DL617
801,B6361
809,B6881
813,EJA725
824,DL414
833,B6323
837,B6115
840,DL4735
853,CX841
856,KX793
866,F81615
875,LY4
878,DL535
879,AA4270
886,CA1014
888,SY568
891,DL550
900,DL536
912,9K1027
915,BW10
932,HY102
962,K9161
968,DL4440
970,SV22
971,CNS1818
977,X7542
986,LA2691
996,BR635
999,DL4632
1005,3V11
1007,DL3671
1016,AR1301
1018,6R500
1020,AA4497
